id,name
73e751e3-f0d9-48d9-ae7f-288238d47aee,Jamie Hughes
acda2ca4-47a6-4a08-8be6-3fe8ba6647c8,Miguel Ruiz
2aefca6d-0f0f-4aca-8825-5434770a126e,Lori Butler
0938b0df-1b6e-41cd-93ea-c74d1a01c1fc,Michele Allen
8d8e3188-b8e1-4e6a-b129-1c6bb33ced77,Holly Johnson
c5a66b20-bf1f-44cb-a9b3-ba3a06c6aee9,Christian Mathis
f5104a46-26c3-404b-b9f8-88f3d4b9274a,Danielle Gray
37a8d676-3f34-499a-958f-c50a91b44a41,Bruce Cole
31cb39cb-1988-441d-a0d8-accee7323bcb,Jennifer Singh
33a7dcca-764e-45fb-a841-612275ad8cc9,Sharon Marshall
9a0d4cef-219f-485b-9229-0cadbf71f158,Melanie Pena
4926d1da-d035-4ce9-8611-b7dfdfa8fe5c,William Oneill
78e9f29c-cfe1-430c-b6d4-544aec3868cf,Tina Collins
7d580f24-4b4e-4da1-a7b0-ac8835b115d1,Charles Waters
4aa1339a-1572-4d83-b48b-9ba44ed4d89f,Kevin Jenkins
54263841-249e-4ecd-95cf-32d1588e83ba,Mikayla Rivera
32cccb38-e003-4d41-b029-535b07978e1a,Mr. Jeremy Cameron
f6502f8d-8c77-435d-8df5-7acda912b983,Micheal Ross
7c707eb3-ea49-4070-bc4f-4d717f7e32e3,Sean Bates
5a174f0b-62da-4de9-9d09-652978f0a29f,Angela Armstrong
853a91cf-9e9c-4e9b-96f9-27d378effd10,Dr. Matthew Hancock
3e52df06-e5ab-4bb6-bec9-88726a71b754,Emily Anderson
52ad96ad-3f5e-4b29-b304-a9e6e8883a7c,Christopher Hall
a18f1136-d2c8-44ed-8b83-fb32c29ad0f9,Carol Lee
a6c140ed-92ba-4453-ac24-f768c709f5c8,Ronnie Knight
49c6e260-ce75-45e6-be43-5e46ca759f31,Margaret Bass
883f8bbf-f20c-45ae-87a4-03c4f596611c,Jonathan Bennett
fbf25f01-dd8b-4fe6-add8-8eeb91fe62c0,Emma Mitchell
78636c43-60f7-421b-a2be-a8e4eb07f407,Henry Zamora
b48915a6-5a4b-4a28-8cc3-38ab65ebf150,Tammy Watson
f4b2ad00-c2b3-4608-9d88-013330637681,Brad Hogan
96ff2ffb-d3c1-44fd-8faf-e00da70ed7cf,Kyle Johnson
4a2816e4-f3d1-47fc-9e14-ed486f0c621e,Justin Leon
4564429f-0fae-48e7-8945-19bca41c6679,Kenneth Lynch
6a75c3e0-2cf0-4b65-879f-7a4ed39ffe5f,Samuel Stout
d2e04dc6-8059-43a0-90e4-26075d6517c9,Deanna Torres
b29b0c20-1215-4e8d-8c98-52dc4f0fda50,Garrett Black
060cd3f9-7b18-43ed-b062-eb4ded671133,Blake Matthews
f531c166-cfe3-47c0-b5e9-2d26e81b9dbd,Scott Smith
06e328ab-a783-4cfe-9cc2-1c0c37b36d11,Scott Harrison
d50eb100-7507-49fa-a910-433db11870e8,Brenda Miller
8f76faf0-93d8-4f22-8b10-1fb3d44774fc,John Hughes
c4023987-737d-421d-884f-bf0a5ff16794,William Valenzuela
abef62ac-3729-4cd0-8f9a-a8a54b2af779,Kyle Evans
424d0c9f-81d0-41f4-acd4-3ff6c93d0b7e,Mary Pacheco
1902b00b-40ea-430b-9877-d0e3ef367fcc,Terry Rice
0486ae51-009a-4334-8db8-bd38e1d16f2c,Maria Cherry
58f1ac52-acc3-4efe-86a7-cd8e1e35987c,Larry Ward
4da0ed3a-efa7-4feb-8f89-64ccb7e6163c,Jacob Reeves
488aacdf-fc54-4c00-b341-043d8f4fad1e,Lauren Rodriguez
1e19c3a6-9f8a-4c31-b771-73e8836e8854,John Bennett
22feeab3-f217-4f93-9fef-949cfb17841a,Jacqueline Pineda
41a1732b-8596-4348-94d6-df9df8c71464,Kelly Bennett
2906132e-6fe9-43a1-af11-da72fb6e5fc7,Daniel Cuevas
787fd10c-6828-42b3-96f7-8f8bee2be199,William Kelly
6447256b-77d0-4abf-866f-0ea09fbea603,Justin Duarte
7c8f8845-dec0-4dfd-83a4-03db2a87d9ae,Erin Lucas
85313713-e3b6-4f1f-997e-7bf5844a7981,Tyrone Ryan
b6563747-d177-4d28-a25d-18af66ba83d1,Brandy Harrington
03e37f10-9789-4076-9f34-8f237f800d73,Susan Castillo
e5a6569f-1939-4066-bafa-345940008a9a,Dawn Williams
310c6f0f-2a98-486a-b3c9-5aeefc71e161,Michelle White
1d8ca025-4df7-486d-895c-a3a22a1d56fd,Dylan Carrillo
7ed36894-3b30-4ded-891f-1a67a5b88026,Jeffrey Silva
234f9203-16ae-4069-b64f-10626c96129c,Kristen Mack
a78714d2-b718-49b3-8b9b-bcc8743e539a,Matthew Young
a216ba5e-42e5-41dc-a811-1e8a87dde4b1,Kyle Mckinney
2358fbaa-7786-4142-ad13-b8ef1f5e6eaa,Barbara Koch
498a57d0-922e-467b-841d-cd74f5e6dafb,Sean Jackson
8a6d0d5f-a3ec-4955-89a3-c70ba5e168d2,Daniel Small
fdded54c-96b0-47c1-a3f9-d7d0108246d7,Connie Harrison
4564eadd-8e06-4fd2-9737-5bcc22655431,Dana Gentry
f6180a8a-ba77-4994-b607-d063fa6a55df,Jeffrey Love
f39ce7f0-91a5-4f43-953e-c036ec2501b4,Leonard Jackson
bc49c94f-8b69-406c-9b6a-49c3f3cf339f,Lisa Lopez
813a8e23-e4a0-469a-a69f-bb4f42e13143,Andrew Aguirre
04f9d369-927f-4cbe-9c30-3ec5b8e57be7,Stephanie Quinn
be28b5ba-93fa-41c1-894e-b7f91103e990,Brittany Turner
86e0954f-678d-45d6-a6e4-75a20f6e3ed2,Sean Manning
e4971830-b30c-487b-b6d7-01791dd02fb1,April Baker
9f788da5-480e-4b6b-9a31-05ca4d277df0,Leslie Hicks
58cbc40c-a278-4198-a798-1f2761eb8d6c,Steven Williams
f45d7751-a542-4455-96ce-4d0d157ec885,Cheryl Campos
a9eb2595-288d-47de-8a6d-178c089047a9,Chase Garcia
fda0a924-ed25-4032-a5a3-be4fb8ba69d5,John Fischer
d997aacb-cb57-4081-938d-bfd376d27149,Brenda Hall
dd8671b2-fbdf-4a99-8d45-558134e66c84,Emily Brown
f350d6a9-855b-4d24-a18f-c0e5421a7bbe,Jessica Valdez
9d98cdd2-e75d-451b-8393-f71fd1459a02,Michael Dean
0621a27c-189a-44af-9f59-12caa7498e22,Sydney Wise
c5c800f0-1602-4f7f-8db6-97816832310f,Dr. Melissa Russell
1020578a-5b51-47c3-bcd1-9072a814708f,Brian Church
6580f6bc-04e1-423e-9dc8-aa631ee3a84d,Mark Jenkins
b607c019-99b8-44ec-995f-c8c221099bb5,Lori Williams
2d5840e7-0105-4afd-9ddd-28ed9c833d38,Cameron Smith
0f399b0b-3c45-442b-9d3f-18ae33676df1,Derek Smith
9ce818d0-5600-4945-b684-83767aeaca9f,Michelle Gaines
0fa964e8-14f4-4fc5-90a5-94d098ecfc50,Amber Lopez
557248b1-c9c9-40ec-b87d-3dee4a034f46,Derek Cox
40e71d2a-e4dd-4dff-bda5-025c76a7d67f,Michael Acosta
a7a8e58d-7029-4b96-9b32-9d90493a2011,Danny Walker
e0646b9a-d87c-4043-aa76-05314c3d74c3,Christopher Torres
a9e02073-e8d1-430b-96cf-09afecbc227c,George Farrell
031f4fc5-9e82-4d22-9f19-99eed87d799a,Katherine Odom
e5f697ce-833d-4655-8322-5447f0c61dc1,Michelle Roberts
09ea067f-7d94-43ec-8a2d-97a2e0a6671d,Ashley Patterson
15c39f20-3c42-4ce8-863d-228be2bc81f8,Jonathan Anderson
48b48435-9793-4ce4-b0d1-a50b74182e9a,Jennifer Manning
936b659c-bb2f-4613-988e-b14e539f40c7,Allison Clark
6e8841b7-bce4-459e-a5ed-7e7bec269d1f,George Garcia
f5cc40ff-59d6-49f9-81e7-4017d6433dd2,Gregory Garza
55bec3d8-0ea6-4b74-bde1-d4305f8d96ac,Alexander Johnson
c47c8283-e435-4f03-a107-69ccdade5055,Michael Figueroa
7ec104ee-9636-4de1-b609-6db0015671b4,Ernest Bowers
2fc1e30a-59a0-4729-b158-6bc815a49124,Stephen Young
01800c1b-5366-40ca-88fe-7a77c6cbc37a,Stephanie Evans
2307c7f2-cd00-4765-a7d1-6a6e27cb28fe,Jenny Harrell
7a9ae037-3e12-425f-9d1f-104785e8a5fe,Daniel Coleman
4344c8bc-ad25-4056-8e3e-f73a75083e89,Jeremy Hernandez
852b3e55-ddb3-4afc-9f0a-35305a9bc0e3,Leon Oliver
ce8ae85c-a27c-4446-b570-8f6bb7bec227,Christy Rios
7c6c79cd-4dfb-4a8e-9117-5a34a50f2322,Rodney Berry
554423f2-6571-486b-80e3-734464807d0a,Benjamin Bell
5146556e-9da5-4e40-a679-6c26c83798f8,Jeffrey Bailey
371925a9-7170-412e-9cfd-a218ce89c0f7,Dustin Andrade
0a9efb1a-710e-43a8-b482-5826a44a24bb,Cheryl Robinson
41d2ecf7-7361-46dc-b51e-925523a7ada7,Kelsey Miller
59ccf4c2-2e01-48be-9823-4ece3c1834a7,Nicholas Mcdowell
6c11a26d-eb09-449b-94a4-22147580b160,Eric Francis
df624ff6-4d71-4197-a678-025ac9792baf,Sandra Norman MD
730d2a5a-fb6a-4a30-9581-cf019f79d417,Brad Williamson
d7e1b026-e684-4f8b-8b9a-65cfe7d0f8d9,Victor Ramos
ffa02a12-6a9b-4bdb-b107-85578e6eede6,Shirley Stone
4dba347d-7f71-40e8-a814-666db1391ab3,Angela Huffman
706320eb-c34b-428a-8909-d14c1204a5de,Christina Howard
7144c19f-9f83-4e70-a6e2-f09ddbd31be4,Joseph Fletcher
592e82f8-93ba-4621-8255-65e502caecf9,Brittany Rodriguez
e03a1ad7-494f-44fc-af19-e2ef1cd9a2e2,Mr. William Baker
ae5996dc-d107-4c36-840c-3b049588652f,Arthur Evans
7d0936b1-a4b9-4251-9a21-64ab4050093d,Deborah Page
5e4de167-ff4a-4c27-b49d-a8112c396f76,Scott Perkins
4cd320c2-21bd-499f-9ebe-b2d5b0e130cf,Sarah Harris
d4cd9516-4c9b-4e25-9cfc-3abd7bfbd456,John Long
04940176-a97a-4dc0-a6e0-747a8f2358ec,Casey Martinez
38e05cad-4e3f-4637-a39b-5035b46586b8,Roy Young
61239624-acdd-439a-844d-1a956d5bc403,Gary Horn
04bc15a5-2456-4b6e-93bf-2bab570d8ade,Jon Heath
a6136919-c1e7-4a6c-a728-c3652fc85880,Sara Henderson
9417707c-c39d-4d8d-a8a1-2fec8127078d,Robert Campbell
3f912069-a911-454b-a7c2-7b7038e3405e,Samuel Thomas
c0f27d0c-5196-44b5-9584-b689ffdcbdc8,Gerald Odom
4baafe61-bcf5-4097-9401-21323ca2e08c,Courtney James
313e7f69-881b-443f-a29f-ef045f420718,Charles Oneill
ed36c613-4895-48f1-8af2-902b296e0557,Erik Mason
7cf5e796-3b7a-4492-bb67-2014cdd07049,Sheila Fisher
45169780-30a2-492b-8158-8e63507dda24,Taylor Thomas
ce8bb303-fbd1-46c0-b707-3fb7c19cb36a,Rebecca Jones
e055c3a5-2314-46f0-bc77-2891bc230fef,Matthew Bryan
b63f8764-e793-4ce5-beb4-c0d69191a3c9,Brendan Hawkins
a847f812-53f5-48a5-98e0-181d5ee18df1,Stephanie Nelson
54d40cbe-a9d7-4d24-a40f-d84f6cc4b766,Bradley Shannon
88444aec-0ab0-4ea5-9af1-b7719da92820,Ashley Roberts
f8b69562-77c3-4d00-a667-a2e325c28cb3,Ryan Huynh
3da78337-be88-45f7-899f-21c8185b2400,Anthony Murillo
70b295ed-3247-4772-8063-6c7d75aaf607,Rhonda Small
9580abcf-9e7a-47aa-b5d2-60aff985f4c6,Julie Fuentes
0c283914-c2b5-45f8-9441-92430efbd681,Nicole Bailey
4d67b3ee-fe4f-4080-8263-93c28a2108ce,Lisa Pierce
dba5ebff-52c3-4d41-9779-7ddec822217d,Debra Hall
0909e9b5-e564-4b1b-b670-ab4ca7792ac6,Stacey Miller
b690cadb-878f-40e0-933e-ee92f07a630a,Timothy Gutierrez
2925ad14-64e8-4c1b-a71a-44565b357885,Keith Phillips
c5546b9e-f8cd-473f-8ca5-0e2f39ce1161,Brandy Schaefer
49133987-3856-47a5-8f8d-e5b67a89a569,Mark Smith
67a5d081-4fda-496d-92d4-60d5a41dafa4,Eric Schroeder
73f28666-abbb-4aec-968b-b65cfc51d08e,Robert Black
423e2218-e461-48bf-9300-43b757235cac,Chad Walsh
8f39f4db-a814-495c-9907-9efd763c29c5,Alexis Mcpherson
a806d915-b4ae-4a75-b525-3ecc10543aa6,Jay Haley
3af853d0-b5df-4e06-9944-420d3ef483f1,Jesse Moore
be14aed9-5015-4efa-9786-9e86846edba1,Allison Oliver
83f0bfdb-c33e-48db-8f55-818f30818426,Martha Pineda DDS
273dab9c-1bc3-4f06-96fb-30dc02cf7753,Rebecca Carr
85cab318-3b52-4f10-a7ee-8e45e58abbd3,Leslie Cruz
f96e4f00-f23a-4e62-9a1e-2151cfbb26d5,Julia Henderson
6344306a-3996-4b19-829b-2ec029d1c323,William Ayers
a1962422-a27e-407e-ab58-0cc401955c9e,Lisa Martinez
5ea6acd3-8a4e-4f6e-9e80-2354f9e8ef45,Allen Nolan
03f42f2b-bb32-4dae-8572-7666e7cd4512,Robert Torres
ef38f900-9d32-49b1-8023-40754ee061fb,Carolyn Moore
7630f7d9-45ff-4244-bf81-9f643911a899,Arthur Mendoza
eef830b4-df20-4d58-933b-8e3631fada50,Terry Obrien
481b22a1-4d45-41cc-9399-d001eea48516,Abigail Lindsey
19875989-8874-43da-b564-0fbd3a3605cc,Christopher Graham
4ca3f3d0-a26b-4184-a72c-5380d5c66eac,Leslie Conner
4c3b3e60-4ecd-4566-9b0d-fb9cb1b43cb4,Julie Robinson
a9ffd6a0-f732-4a5b-8807-a2ea78625051,Brandon Lindsey
e568e64f-ebbf-4c1c-80d1-0cf049a9e151,Mark Barnett
21de25d9-75e6-4e08-adc6-8d3f215c6e04,Nicole Hall
3673217e-718d-49e6-b9bf-180ded7cde9e,Natasha Wright
d2b0c1ad-27ab-4db7-bf76-43c923c8ee4e,Brian Johnson
0ec376f0-dc71-44f9-8ce6-ad04824ea900,Teresa Evans
257c6ea4-d684-4a3a-aa73-4cb8a4b01ed4,Kyle Martin
32ba435f-cb6b-4112-8e42-14b6a7fa3c5d,Kathleen Rice
a5019c81-dfce-44f6-a2cf-9ad0a11afe74,Jessica Bauer
3062eb92-1424-4fdd-8bf4-8b2d8d159d4e,Michelle Sheppard
70b0e356-9dc9-4004-bce8-bd8dcbd82af9,Dana Smith
aacc663c-b2b3-4899-abf8-c16a4d13bc9e,Theodore Anderson
f6b0cc7e-7ed1-40bc-a995-b766d47a4a63,Erin Baker
2c1b2817-7d00-4a1a-908b-988e3fb6e355,Destiny Tran
46cde6d6-3ac6-43e1-a9ea-6742b6f05a60,Kelly Singh
9fc2986c-b972-408a-ad78-37c1ed843bb4,Suzanne Farley
5b9a881b-42e9-4a1d-adfc-d5b706b5f890,Lisa Ramirez
0493cb6c-3ac6-488d-9a9e-e22e04c2b464,Donald Weber
b7292623-4bd8-4a80-b984-496b0e438ff5,Samantha Kemp
5b6e1757-a4f2-420f-a95b-c8efa7a627fd,Karen Garza
6fdc2870-649a-499b-b4ec-7255334a958a,Tracy Santiago MD
f056d1c7-9d39-492f-b214-70b70d13cf92,Sean Carter
d8393c2c-ee5c-47fd-ab6e-106cb3830283,Shelby Gonzalez
5f34a334-fb18-411f-af14-04e39ab6700a,Diana Webster
75e3a1eb-f636-4559-912f-f393c6260e6a,Ashley Ross
f088c8d4-d6ee-4578-86a6-b972178dbdb8,Christy Acosta
66ae4e7c-9433-4937-b756-617f09729076,Melissa Sanders
a1f4315f-05d9-4934-9bca-acf1472703b6,Amanda Herrera
940f8373-40f0-49cb-a036-67e7a1608ebd,Maria Rodriguez
9338e3a3-9fb6-424a-9d12-1df069d76d63,Anita Pierce
780f87a5-dbdb-463e-8f9c-7747e3dd0f3b,Alicia Webster
3f05f1b0-ed5d-4ef3-9854-b490d37b36b6,Ann Yoder
f79fbce7-2b48-4024-95df-561eefc5f07a,Stephen Mercado
c55c3208-2d13-44c5-acf1-45caffd38159,Jason Richards
d12ee66e-61f4-431a-be23-1f1cd0ea1308,Scott Thompson
b0418c86-dd05-4ef6-8467-c34d47d2538b,Eric Porter
03a2c98b-dad1-481c-8a96-df9cff2c712d,Tamara Berry
23758c6f-ca1f-4f51-9f89-561ea96047fe,Timothy Meyers
6054df67-c735-4190-9565-a84f04cec3a3,Elizabeth Ryan DVM
e5e5cdf8-93d5-411b-836a-d0ade6637bd6,Scott Reyes
125851b4-8c9c-4410-b428-438129cefc55,Elizabeth Chapman
49c04a17-4dd4-48a0-a7ff-0dd715b274ee,Carrie Wilson
82af5b21-1368-45a8-aed5-9ba4037a13a2,David Grant
a9e0d318-fb3d-4fd0-b91d-b5181f507cec,Derrick Brown
ec404786-23da-4051-bd37-7bda5ea3e83a,David Leonard
f8a10f16-aae1-439c-8b86-f869f31d3fd8,Johnny Ryan
c3611ebe-e7b0-4da7-b267-9952411827a7,John Brewer
557a0779-366e-4be0-a510-fb74c44cbb56,Stephen Archer
09fd2e1b-df13-4fe2-adde-6fc4b0dcd21a,Ronnie Anderson
fc582803-e5af-4986-ad94-9ef3c6c8b5a3,Mr. Adam Carey
8d05579d-ca29-4d55-9d52-3ee9ddbe503c,Michael Welch
e3998311-d84e-42f9-8b97-7ad12e5bb5aa,Sharon Sims
eb36328e-0a9e-4a51-8e9d-99852ba97c7a,Ashley Mcdaniel
f2195cc5-0c38-4f10-aceb-55c205783adc,Jerry Thompson II
04221fba-cbc0-4fa7-a92f-dce994616eee,Christopher Barnes
c07ca9a3-fb5b-44d1-87e8-6f150e71fea5,Julie Taylor
a3d37e63-239e-4148-9817-931b9148f035,Sarah Haney
e790073e-a225-4c3c-84e0-9c629e625891,Brian Davenport
71d890db-9d2d-4d08-964c-aed70158b4c4,Dr. Shannon Carter
c351a91e-3ea5-4aea-999d-5ccf996e3934,Renee Gibson
19bd3e3e-1fde-46a4-b684-83e4c2f7c598,Carrie Russell MD
d8d5ba29-a3d2-4f2a-a944-ead69c867532,Mrs. Shelly White MD
c1341828-4da0-4a52-90b4-1c95a52148e1,Billy Hughes
7d1b9150-cf81-415e-809a-3fefc1003050,Sharon Smith
270708f7-26d5-484c-ab6c-ee80c92a4e25,Michael Briggs
5ceebf13-0db8-4402-a176-4c3465e74dab,Jay Cruz
06bf0c3b-c208-4a1b-a371-533efcd9adbe,Timothy Navarro
f9a90e88-9219-41e0-aee7-e774c64b5c4a,Brittany Barrera
1209c99e-58c9-4446-ba22-27cd853a8559,John Larson
ad2c2435-d3be-41a9-997a-bd2fe7c12ef4,Maria Guerrero
5e00af7c-4f4e-404b-ad64-a6c3eeac2cdc,Kelly Palmer
f76a822d-7517-445e-9d03-f22a3fc396d8,Sandra Dixon
1345caf4-cbd4-4849-9cbd-397ce43d017f,Erica Walker
fe438bcc-1d98-4aa1-9cd6-23e35dbafa13,Angela Smith
91c01960-501b-4195-869c-69bd6500e682,Lauren Hill
ae932ef0-c03f-42f4-8ae6-7033282d526e,Christina Rollins
2e765f9b-4a39-4c34-bf12-2a3c88c64d2f,Pamela Harris
df65ad33-c572-4b0b-9d09-61c9b8ea54cc,Chloe Payne
6edfbe94-5e9f-41e0-96aa-32ac2d40fb19,Steven Brown
8849176b-3180-4637-8610-bee0688ec8c4,Christine Gonzales
d8c0e0a2-d8ab-4003-9edf-8c677919c0ed,Michael Williams
1190d972-a92a-46a8-877a-bdc8ba150c5b,Brandy Ford
20f6a48e-94aa-471b-9fcd-12ad60b32cb6,Nicole Martin
28024f3a-7858-4e65-b86a-11040e0a1e45,Jasmine Murray
db2d062d-3168-4927-bf79-af88b41115a6,Nicole Jackson
e90c25c7-445a-4c59-bd75-0fcae562be0b,Kelly Kelly
14c6e03f-81ec-468d-b60c-995c734bca07,Kristi Keller
3e77056d-eb39-437c-95cf-c801fa6c3287,Christina Ramirez
765f065c-f9a2-471c-a098-3c1440f32dd3,James Gardner
d6888d7c-6636-4fce-a38d-d84b39611a99,Andrea Randall
ce7ad39e-ba12-42fd-b0e9-2ee3a050b568,Brian Clark
2fada5e0-b189-4a69-b519-ae3995bf5f80,Andrea Bentley
b3d62375-e4fc-442b-9bc3-0491478b52e5,Wendy Ramirez
77ca6ac6-165b-4532-a7b4-59ac05846703,Timothy Young
52e2c48e-67b5-4230-aa1f-f223096c922b,Vincent Clark
1f9d2eec-01e5-4c19-b8eb-a27eddd310ab,Teresa Lambert
38ab20df-a270-4c3b-9b2e-6d06dbf87d53,Mary Vargas
0888387d-cb55-4317-9512-8e77004d067d,Ashley Bradley
cfbdbf7e-5cb1-44fc-889e-ef9d22286ac6,Calvin Mccullough
b75899db-2d4a-4e08-80e6-aa4dd7f251a3,Jessica Wade
30efa6c0-9910-4b6a-9c90-a49f8f3c72a9,Victoria Edwards
bc632672-7c8f-4352-bf3b-d1d9e510b675,Larry Gilmore
cd6900eb-760e-44ed-bbe9-21d6369aab2b,Christina Patterson
e326e033-98f4-493d-9ea4-0fddf8e924ec,Erica Scott DVM
2185cdb0-d31d-4e58-afd0-4763f5785ce2,Barbara Jefferson
ea41e591-bff7-40a1-a323-1a0aa150d9a1,Connie Collins
c55688b5-f046-4c95-8052-b3e400a400ab,Steve Blanchard MD
7756cecb-2eb8-4ed3-bd82-968d4b7d4242,Nancy Hernandez MD
b9e25920-38eb-4209-895e-4976b124f1f8,Stephanie Adams MD
661ebd63-eec8-4332-9b56-409d5b89eefc,John Lowe
68131e8d-0e82-43ec-98fa-d328d8e1a2bb,Andrew Stewart
b66c1f85-b1ff-4372-b739-8497f42edaa9,Vanessa Howell
31ca77c6-2ee2-48c5-a1ab-c73b765f56b0,Jeffrey Franklin
5abc9c24-13cd-4783-a1df-74ab0e98e79f,Kerry Tanner
d62b5a54-cdc7-44a8-bfa9-47798c7c1da1,Sean Koch
d1ae0d76-d12a-4041-a1b1-e07b01c20be1,Nichole Garcia
24aaa353-3207-49dd-a339-42cbebd60e4f,Nancy Rodriguez
1b859270-6d80-4d96-9205-7eceb7411d15,Gary Kirk
52666d24-011b-4bc1-a545-a4d5f40e393e,Susan Phillips
a2347998-895e-4d95-bcfe-0c6ee56ce6a6,Jody Valencia
23c9b268-feda-433d-b5f6-d4f98fa996ea,Cynthia Owens
c8795050-846c-4337-b674-4a13ffce732c,Jonathan Rowe
fdfac620-32a9-4218-b54d-df4834075131,Ryan Mclaughlin
a255b228-e4e3-4a40-b4ec-3c7ca5e9b736,Nathan Murray
0ee59525-4e10-4559-bff1-ae031e461458,Kathy Haney MD
56e45410-cc66-4d59-bf94-ed434737d122,Andrew George
b3950cf9-c731-416f-ab18-5a6847f0e3ce,Shane Yates
08bca195-8726-48b7-b008-04fddfee2172,Michelle Herring
5669f5ca-19a7-4b90-bb9f-a01d4ba198c8,Justin Taylor
800d676e-bac3-437a-8678-e8dedd79ccec,Christina Terry
cfe0c98f-411b-4e98-8216-3acbc0cc35ee,John Simmons II
5b37de9c-34ee-4f93-899b-161462b23041,Yvonne Watson
48d713ce-9f58-4a1d-b563-6edda376cbb0,Seth Frazier
af34da41-1315-4701-be27-f0ee3d3213c4,Daniel Edwards
d1dd6f29-c765-4cdb-a71e-dbc6d681ef4a,Christopher Kim
cf6d24d6-f15d-4491-bf42-41771b00bc2b,Sharon Sawyer
c3507135-1888-4c6c-a383-7680322f27c4,Brandon Lang
f04748ce-56a0-4198-9ccf-0aa733c63288,Janet Robles
48bcbed4-7164-497b-be83-d9623cfa7f5d,Laura Holt
b34d91d5-8faf-4786-b272-d63848348d27,Dorothy Schultz
97897968-b62a-4454-911b-e318d0f61fa3,Nicholas Benson
a363460f-6dde-4150-99ed-c18ef39c3de3,Katelyn Thornton
068ffe60-1c98-4238-b5b4-835b03d8fe3e,Melissa Wood
d5c42a6c-8a70-4ba6-80d1-185337aa08d1,Katie Ruiz
f8224f7d-e1c6-4fc9-92a8-e95c3b075847,Jade Martinez
ff694023-b3f0-41d6-a944-9d40c79a758b,Karen Patterson
81ae29c5-13d7-4f67-ab44-b0692e806f6f,William Joyce
515ecb84-684e-4d12-98e3-24dedc17a32e,Mason Thornton
04e891ce-2814-4fec-ab75-f229b2268711,Deborah Jackson
93ba8706-9f28-4d1a-8f43-bb874e02a46b,Shawna Hill
881ef884-53f6-4e2b-845a-b572c83f0588,Crystal Serrano
b915c28a-fc2e-4e10-ae8a-5b626f3642b7,Lindsey Hunter
2cd14c69-4dac-4f4b-a050-85f4aadce00a,Kevin Jackson
5885a709-356f-49ee-815a-e864a70ed60b,Rachel Watson
9615aae0-8e20-4c72-9c40-7e3c5ef7e06d,Rebecca Torres
66245e17-6ffa-4a1c-b93e-97adba8b9fd9,Megan Jones
db8f9e8d-67ec-4bc4-97c3-0312520b8cd0,Tamara Odonnell
66793c19-44cf-4efe-b77f-343aed4bfba4,Amanda Foster
31ad0316-c584-45e1-9661-e8957ecfba05,Kimberly Mccann
6caebefb-a2c6-45a7-9cf8-0feeb59a49c4,Michelle Herring
89ac8d73-a496-4049-b9f3-735e5c4470b2,Carrie Welch
dee811ff-2a80-49bd-9382-581dfa7f4587,Michael Smith
d0dcee6a-dfbe-4903-83f5-eb37a004d8f7,Christine Morrison
9623ac26-679c-4053-8cc7-73976ad4dca5,Samantha Anthony
e51ed108-2a3e-4773-8e39-7e877d194f4b,Tara Osborne
aa323008-a9ec-4a72-9ba9-80ee62afc6ba,Jacob Lloyd
01769c29-b6e6-4906-9e90-73f2327d26ea,Jermaine Young
01aed75f-3f4e-4180-bb86-c136bf887d09,Michael Gray
f41a3704-a0a5-446d-be24-df771c61ec50,Jason Jones DDS
b8f70f01-dc02-4f48-ad0a-789fa98e6b45,Cole Kelly
6a5a149e-e794-4d3e-9aba-18a5a8ac89ca,Jamie Howard
a885b79e-114e-4671-84be-760bc293c676,Omar Reeves
567e3b28-d5c5-41cd-b081-cc2e797cba96,Garrett Sutton
9a1b766a-dbfb-4d8b-9164-dffcd865234c,Eddie Brown
4b428e75-02b4-4131-8aeb-fb4e6db5d7a9,Kathy Brooks
7bb036c0-aaf3-48c3-b9ff-d56ecd6609df,Michael Dixon
0fd634fd-8b7f-4a1b-b132-0d5b2384533a,Andrew Hicks
b0a52db3-784b-4c5e-8e8d-00a2ba6a8b4e,Tyler Evans
49888267-5ee1-458e-a117-811d9aa38683,Gregory Rush
3f5a2753-5a36-40ca-b4e9-256bdbe21c69,Steven Wood
2032c241-c7f3-4c36-9e5b-c8658d575882,Melissa Vasquez
ad5b4ae8-99b3-49a6-9874-556b5f3da5c5,Derek Hunter
717c4da8-5f97-49c9-8b56-0f1fcb8a7312,Tyler Hicks
70940311-617c-4534-a8ae-b6503a9ecdac,James Santos
69a7982f-19fa-4ebd-9caf-7f513fa3d395,David Smith
d8a1abf9-58a6-4a3a-a7b1-16c822c06b86,Kim Gallegos
93b283d6-a697-476d-8a73-9c8a6cb462fe,Cheryl Wilson
ac1a706f-79b2-4130-808e-3819f13df82d,Carolyn Ramos
370770ad-fb8c-43e5-b6f3-85234fe1a6da,Jordan Allen
2d7399ac-9de3-44fa-9d31-9e98a7d3e1cd,Karen Oliver
6ff4ed6b-c961-41fc-8df3-ac014b150ffd,Jill Mcknight
45310d15-2dc3-4fbe-b218-1deea141b85c,Andrew Foster
0cca07fc-5e26-4bd2-bec3-8e02c3d5979d,Victor Reese
69ba635c-f75e-43ef-b4c1-926b2c7c8429,Christina Lane
b8fed0bc-b518-40cc-bff5-c424aeee91ef,Alexis Gutierrez
de1552ad-bea0-4470-9589-6a68e94fd46a,Judith Swanson
71c3d393-10e7-4f77-a16b-0f54e408ede6,Darren Weeks
cca9d52b-4d55-4ca7-8b0a-9a7de1e78fa4,Greg Acevedo
fc0cc465-3667-409b-9282-f0ff33d2a2bf,Matthew Harper
d781dde1-1d15-4f7b-96b1-2ceb24013d00,Jennifer Davis
d6103110-0d61-4146-a730-913510efd36f,Michelle Patterson
cd2c735b-3172-41dc-b56d-2724e5ce20a9,Jeffrey Foster
1b86d2c4-d12b-44e9-abf4-99113f085c9a,Michael Hernandez
3c317eac-10c7-42e1-adb2-9580de5ba15e,Kelli Nash
9cbd5fc3-190a-46ce-9cc7-f665ea00a447,Ernest Martinez
5a7e66d8-93c0-4210-9eaf-b5cbcdcfe422,April Meadows
b4fd9883-b4fc-4559-8d83-c8074bc425f5,Brandy Dean
63b3c9b4-2ba0-4dff-8a96-837c34893764,Dustin Santana
3aab8fd1-4301-49d2-8edd-c993d69703ca,Richard Myers
4f56d664-bb4b-4da6-a443-139b2c7669ae,Dustin Sanchez
275ad56b-9abc-4ba5-8e34-6adac8634175,Mary Alvarado
23417c4a-67f8-4fe9-a23b-148de3325e9b,Natalie Hatfield
b6c0a914-d54e-4732-ba46-394c7263181f,Anthony Green
902d9fbb-87e9-4c59-8039-01fc9cdb5144,Jonathan Herman
fa2193d6-e091-452b-a69d-e3d37990df5a,Mary Ellis
955f7046-9217-457b-a2ce-b4e5b7a26cdf,Norman Martin
6e07d81b-e475-4e90-b0cf-0a294a521776,Brenda Morris
e3ad19dd-fb24-4e5b-bc24-27f8bee87b13,Stephen Sloan
a88fec75-50f3-42f5-b665-556ffe69b677,Benjamin Johnson PhD
1c7b189b-221a-4212-ba85-ff1e9d184c36,Maria Fields
dfa6f069-76de-46b4-98eb-079fc9011789,Brent Conrad
37213c33-d7e6-4d14-bbb2-5ca1c46abe86,Walter Richardson
5c133c7b-ce89-4c67-b3e0-b3407839f723,Amanda Young
41940e87-85cf-409f-be31-df7f64308dcf,Jessica Griffin
3fc08525-7789-4660-8eae-79e09f27a1a3,Jonathan Moody
fe4053d0-d0a5-4ae6-8441-9a8c2df1e2ed,Krystal Mason
2d43fb4f-3189-4686-8c4c-0ee1dbe45268,Glenn Galvan
e467c3bc-cb45-4ffd-bb7f-b7e6c3e3f011,Leah Caldwell
24924ed8-57d8-43ca-8e57-17a9f2192a11,Donna Collins
d7662603-9aa3-44dd-9963-5e1193610f44,Christopher Hess
ad69306e-f81b-4a8a-83eb-bf4fdba283f7,Ms. Dawn Wyatt DVM
e1efb1e2-230c-45f8-abf1-a30035da5846,Melissa Wilkinson
75749a36-de3b-4f80-ba51-0a522640eb83,Nancy Jackson
0657a74f-19cc-4aff-9bc7-0afb1b4e5def,Marvin Kramer
82410df4-671f-444f-84c3-cc60d793bd2b,Stefanie Stewart
75c8d5f0-7216-43c4-b45d-4a044421d853,Sabrina Downs
fa68b2e2-2b20-4d70-b68d-dedb7374843c,Tyrone Williams
6f2aa04f-a028-4f75-a9bc-4d5fc8031159,Reginald Smith
3f2097a6-5cd6-41dc-a6cd-bf8079e1fa7b,Joseph Brown
735cd108-78bc-45b0-b31d-d47847550e4b,Anita Mcknight
b1fd9e31-887d-497d-a04e-8000426c7a17,Duane Wells
eaa8d376-2fb4-4360-9ac6-84fff2ebe0b6,Theresa Barrett
5d8edfc3-59a7-473a-abad-120b29efa643,Jared Erickson
ed72004f-dad2-4f24-b2da-4eab457c22e1,Janet Martinez
dfdfd24a-1085-49be-8d0a-e5bfab0646d2,David Barton
8e0b829c-4597-450c-ae27-da62d2425265,Kevin Gomez
2f028120-d8c1-496d-9016-23ad7e79ff66,Amber Rush
fee30de8-60b7-4e41-be6a-cda6cb233d48,Erin Chavez
1dce7f7a-a899-4107-ac63-3199a3abf448,Kimberly Haney
dc5473af-6af0-4db3-bf16-d7635d037050,Laura Reynolds
81d1ba04-246f-4dc9-9762-2a5fb3d506dd,Amanda Bates
d53167da-de12-4eec-aa31-ec38c7978b37,Roger Campbell
2fe71990-97eb-4d5d-a441-6d4143ade108,Angela Robinson
6a97bb62-afa1-43fb-9f67-23bf6bea7fdf,Emily Dunlap
28e12102-5484-4a38-8b30-c82c6fe911e7,Theresa Williams
5c460c92-4e25-4754-a82f-df60050421a0,Rachel Martinez
e77f428e-b48b-42f1-b12c-8731d870e0b5,Mike Mills
9c018b63-48f2-4bad-acc2-86bdb207ae96,Sara Martin
4daf1a6e-d336-4d5f-807b-302a263276f9,Andrea Moore
2e59c9f9-5303-40ee-ac2c-6906f9405333,Kelly Pearson
272f6e46-c6e5-4914-b869-cb79533cdeb5,Brent Shelton
188b4a50-2d36-4f89-bcdb-0ee888dd7b79,Frank Moore
04f50412-66be-473d-a4e6-2f692c3466ae,Theodore Boyer
80c4460e-e3da-4a34-857a-102ddb1351de,Michelle Velez
2bbf5962-4d3f-47f9-b544-10481b4819d1,Joshua Harris
da3be5fd-9b6e-4281-afc6-3b93de4a2065,Daniel Wells
ab46baf7-45aa-4d56-b9bc-12e89d306dde,Michael Lyons
5c748762-d5c2-48a6-8ddf-3728a32df615,John Yates
253c5eb1-cd90-4e2a-9e6a-9c1361830f02,Benjamin Turner
381c0bdf-4450-4f44-b1de-6bdaddb88609,Teresa Campbell DDS
336f9765-ac34-42a4-b121-764cf07b9bd7,Laura Sparks
6e7b9fd0-35ed-40cc-a25b-e82724254056,Denise Clarke
32de1a31-1edb-4320-a25c-bf2dd657a2b3,Lisa Lee
646e7c0d-8d6f-4a70-a309-2cd638eff60e,Linda Thompson
74a6fe72-2c29-4094-af8f-de5af0a375ff,Mindy Wagner
709f2ac4-56a4-4c3d-8255-bdf8224050e0,Robert Allen
ff67815e-11c6-48fa-8bdd-87cbfeec9374,Heidi Smith
f7914c8a-da63-4fe7-80b6-0f7b3966d024,David Hammond
c9e5d66b-b5e9-47b3-a679-183b4ecdb5a1,Jerry Kelly
12fcb913-e3d4-4bcd-aa2e-49fbb5c0bb50,Benjamin Adkins
9a2cb950-0153-45d1-bc0c-03a4d075a2fb,Michael Santiago
934b6d76-a606-450d-99dd-61673bda9564,Patricia Smith
0f130aa8-6ea0-4b57-ae9d-5018144233a4,James Ramirez
bbe961a2-989d-48fc-aa07-d750fd548fbf,Brent Barber
f9740c40-5432-47f4-86ad-e614702700b2,Vanessa Gilmore
6175937f-6ec6-4528-9973-96045d74049a,Lori Rhodes
4a600728-6a52-46fe-8f21-2521e59246f3,Crystal Porter
a83ccb66-d18e-4f7c-a12b-4e3bc949247c,William Sampson
31d6ed8c-dcd0-4e3f-94ba-b8e664564c7c,Diane Haney
08ebd92b-cc67-4b20-8930-d45e6d7dc224,John Gross
babaf61c-9a7a-4b93-88b6-9dbe43f77adb,Annette Oliver
5f272f5d-e288-4430-b2d1-741d4a551560,Gerald Castillo
cf0d48eb-e095-4ab4-8578-614c825ebc28,Amanda Castro
e89ebebc-65f3-443f-a4c1-eff3859e4d2b,Duane Martin
db458114-02a0-4c31-a785-3aa016ee9717,Maria Nelson
cfc8e146-58dc-465a-8f87-7f00ba1885b1,William Reyes
ec78228b-21f3-4401-a6d2-6df6bc5eb91e,Sherry Thomas
4c581216-7119-4172-ac7b-4004d5f44f3e,Stephanie Powers
fc1b8e31-bd58-4b83-bf8a-f9e5b65516a5,Sharon George
42448479-fc26-4ac1-91e7-50e3aeb4fbcc,Shannon Baker
039c2c25-b849-40be-bfd3-9e48131c8e7c,Alyssa Jones
c1c4e9db-388d-497d-8043-c013b07e4453,Maria Morgan
0a9cfa6b-1ed4-4024-a603-27fb3430c15e,Sarah Franklin
946fb417-3789-47cb-ae61-0ba1900961cc,Jennifer Johnson
bae9e3a4-7b3c-487e-ab17-37621874a6a4,Michael Davis
49f4a173-1d78-49e5-961a-62302ee0a47b,Sarah Yoder
f43e829a-bce9-4fb4-aa6e-6a26a8a7fcb4,James Beck
4aec5399-9399-496c-96ee-6dfdbb4ee99f,Amy Ford
566d2186-68a2-4227-a311-564f285f41cf,Michael Vaughan
e422e196-aa42-44c0-a9e9-dc7a198a92c3,Amanda Watts
19d7a0d1-60d9-492b-8720-2f708b5733a4,Michael Flores
1cbf4a18-2099-4b17-912c-2084c4db8786,Kimberly Nunez
2263f8ea-759f-4693-903a-67513dca6dd8,Melinda Torres
b63ae1e7-109e-4ab2-ac5c-3440c801ad7f,Anthony Ramsey
40161a26-8c18-43d7-bb94-4e9a5b6bde88,Thomas Peterson
eca3e56f-6fd9-447f-ab99-d4bcf48927af,Robert Kim
a2e8a497-9206-4421-ab5b-ab0767a8eba8,Angela Roberson
6cb604ef-bfb5-4f8b-8caa-94654e7b87bc,Brittany Wells
6f497c96-b471-41fe-9363-e9f5c4f92332,Nicole Smith
4fdc5ac9-9240-472b-8dc0-bf172347dc93,Adam Barrett
4d755397-9322-4eb1-a3c4-307043d1cc3b,Dustin Reynolds
19c13898-05ea-4960-904a-aa8ac21781e3,Daniel Burton
d3fbdc2c-0efe-4208-a247-289b54f343fd,Kathleen Flores
96b73702-e88b-438b-a4e4-14279d9095fa,Daniel Marsh
fbbaaaed-0cf0-4cf6-8a96-465ceb7e7913,Christopher Holmes
49d328fb-24ac-4290-add9-995d25c2b312,Brandon Ford
31cdb507-aec4-4222-914b-e4f46061b905,Trevor Pierce
bf187d81-af78-4180-bcf7-2c1d7a81aa81,Caleb Wilson
8bd0c68f-0e0f-4d8e-87ef-557b21f49676,Mary Lambert
f51d5397-5630-4e0a-b7f8-2c31d12e12e5,Erin Moore
eb0bca19-134e-45ae-af33-f931ced9b512,Nicholas Cohen
4c489dc6-54ba-46fb-b58e-e0dc177bab21,Amanda Chapman
75a5fff0-6bdd-452b-9e9c-8e7d20ee1cd5,Anthony Waller
6d3e9c32-8ef8-403d-8e29-ee853655f280,Robert Underwood
a04b5ddf-7112-41a2-98a3-3a09924c6082,Gregory Dennis
75f8bc43-de3d-4539-9177-600030092b77,Lisa Brown
80588c4a-65ad-401a-b243-0fa33934b974,Dawn Cunningham
fbf9dd11-7d44-4786-ba84-c2dabb51f18f,George Sanchez
d5d709f7-4497-4b97-993f-dc3cc28f7bed,Michael Miller
e3a67965-7f6d-4619-8cd5-b68c5b60b214,Sarah King
eee1e8c2-1e21-4dfb-936d-7fdc31e19932,Jason Henderson
0700b577-2250-4baa-956e-82190f5f42ad,Barbara Smith
59cd7115-205e-4c6f-9b9a-03c9ca03057a,Charlotte Davis
9b8a0b16-8cfc-41e6-8f7f-3a0aea25d6eb,Casey Miller
43ea84b5-a0d4-49c0-8d61-e6ca8c4424b2,Sandra Duncan
33329b08-4915-4e37-94d8-4bc1b8956355,Matthew Morgan
c01f92c6-e2dc-4dea-92be-d427c09ad7f1,Richard Lawrence
970e1c0c-5637-46f2-9484-735ae66621aa,Christopher Williams
019e0d6c-cec0-4ba2-aade-f2f7e830074a,Stephen Acosta Jr.
a77b5fe3-5f03-44fd-9bbd-cd05c84e7863,Cynthia Thomas
ed5d5395-773c-437f-9219-208be63a4570,Charles Pineda
61603f6d-b323-41d5-930c-2cdc9565beea,Timothy Clark
3f184462-2747-4a67-afd5-6a65ea23c4f3,Stanley Crawford
7e6da98c-6e53-46fa-9d59-eaa57674c3b1,Jacqueline Palmer
743339cb-96ed-4758-99a6-3f679eb96eea,Benjamin Rice
fa9d3d15-dfa6-4570-9479-6d99b637ea95,Ashley Meyer
36113499-bdc4-4a17-a6f0-42e6f24d27d3,Chase Rogers
83960810-debd-4a84-8a58-cf2d5c448075,Melissa Pearson
e161548e-7e04-4fe6-826e-34cccda13ca8,Brett Brown
50443ed0-91bd-4b73-89fb-d4198a6e03c3,Claudia Jones
c677a7bb-7690-4288-91bc-1aa428730343,Charles Romero
faa80ad7-4d12-479d-b093-09814024ff8f,Jason Parker
434c4e98-6ca2-41cd-abb4-be03e33cffb2,Richard Lee
39b95c3d-07df-4b54-bb69-66a203f01748,Maria Moon
af530429-e335-49e6-93d4-9c4e97c1fc57,Tricia Garcia
13cf2fae-f11e-4328-9a55-e83b7fe4463c,Anthony Jimenez
5e0ff68d-6bb3-47e9-98ec-50324d945e4f,Crystal Thompson
e8e75219-2dea-4a15-a7a3-4737dca21049,Heidi Davis
6114a056-dfb4-4db5-a7b6-09773220e2cb,Sarah Smith
31d308da-af02-4d1b-80de-fe679044c4e7,Susan Taylor
0487e3c0-a599-481d-98fc-09cc12fc34cb,Janice Bond
f943e560-21db-404b-aeeb-1f5733672a5e,Michael Schultz
a562e433-1399-4122-b9ec-2f94aa85b672,Michelle Barnett
48e59bcf-4b89-4ca4-845e-fc741d27adf9,Joseph Smith
ae21e691-7581-4428-b398-3fa6290c3674,Janice Valdez
776e55b7-ab33-4d16-a662-c47015858204,David Reed
be3a5a3d-c87f-4b7b-b2f6-1d3f5a0ad555,Joanna Hodges
6c71cc3e-e3d8-47be-88e3-1281af2a99f5,Mary Ruiz
6f9902d9-bcc6-4920-8a1e-59212dc28e13,Jason Garrison
b2b3c27e-61d6-42df-8e7f-efc1e6d563de,Sharon Hardy
85850041-6e90-4540-ae35-8a975cb124cc,Joseph White
5806e928-bb6c-4883-b7a5-eb82f8a5c5c8,Christina Johnson
79819e8a-aa09-4495-bc65-25a51bd247b9,John Williams
b5f64a7f-561f-4562-a435-03d757917df8,Courtney Roberson
87f8860a-b304-4e41-a8c5-7704993403e0,Elizabeth Lynch MD
834a0e3e-48e8-4552-9c94-b39594bb7db7,David Foster
8cc8470a-c228-489f-a333-207f9d2079f8,Cheyenne Briggs
c8cad3f3-a0cb-48a1-8781-e0c86d66f5f9,John Pacheco
34e647d4-8358-4ed5-b3b2-c5c3456e2941,Terry Simpson
efd632f6-70c7-4b36-8ac3-b9e2a15de939,Nicole Johnson
521a428f-6397-43f7-8d8b-35464a66ac50,David Black
0d99f3b3-4f7a-4746-8f81-31c4c8730ce4,Jessica Bowman
3ff47f19-f032-4e56-bc8a-ca9a08b5446b,Donald Peck
c7562087-fe1d-44cb-9933-4034985f3857,Lisa Mason
d8ae7404-cc82-4ada-a752-0a782e756e96,Diana Taylor
3ea73b11-3083-46ed-9466-8a12ddbdc960,Sara Stephenson
10ffc492-b913-4667-9fa1-c2bfe43a124b,John Richardson
aee7e26f-6c1a-4cc8-b2e1-ed1b25eb40f7,Cory Thornton
4ca6b440-4cba-410d-b1a7-da59d488f981,Amanda Martin
3c912781-4169-418d-a7ed-0d0cf32bd862,Ray Mitchell
3ea285b5-7802-4eef-9a81-86765b6ba0c6,David Baxter
e1095c1f-e918-47a0-a269-1a9aa9f0a47d,Henry Strickland
4ed2358b-806c-42b4-9510-cde278c187a2,Jennifer Sanders
40e47587-15b4-43f1-9f1e-8551c73b10b8,Melissa Wolfe
0c7a6a9b-38d0-4388-a5b8-ddbf542247e4,Kelsey Palmer
df132083-a8e3-40ce-975e-9096fa304617,Lori Murphy
b0835408-b7d1-4ad1-958a-f44ac48eb14c,Brandon Espinoza
cb53f019-2e95-4af0-86eb-5bdca5f4a1e6,Matthew Walker
77ba593f-32d2-4ab9-9416-97cfcf950aef,Megan Wyatt
a943842b-f5ea-4dc7-8741-67d4f32583db,Patricia Dickerson
8e9f76a6-8ee9-42ec-8d7f-b2129094de46,Cynthia Frazier
b6e6c2a6-6b7d-49aa-af57-958504adbbd6,Rachael Stafford
4d560c31-8553-4a59-9a4d-856c11952c61,Jeffrey Brandt
671e6104-235c-44a1-8d44-56ba99c6a15a,Jessica Hernandez
f0795ae7-c5c8-43a3-af06-371778cb98ab,Amy Charles
76dc9c06-158f-4ff7-a9c5-9029d80d9117,Jessica Richard
1077f7f5-50a4-4e50-b5f7-30152cf496d7,Jacob Brown
3f391456-e44d-4d0d-badc-5e3bbf84c6fd,Desiree Scott
e7ae0eda-e176-43be-bf22-b7a66e0cd235,Amy Garcia
db91501e-79d0-4b89-8c5f-134d7e5e4a6b,Brandon Parker
a17c00af-6182-4acc-bcab-0e0750ca474a,Destiny Simmons
3ee54b30-c2fc-49cd-b470-8f7cfd13e955,Aaron Williams
98557987-d63d-41b6-adba-39ee2e588ca9,Jill Contreras
72613655-ca09-44ad-934d-e85cbaf5b062,Roger Carroll
ebeea01c-2b51-4673-b0b4-b16dd32f04b5,John Jones
f278d897-2ecf-4b82-8203-15b8ebf76afe,Mary Dunlap
6209a826-3b51-49ac-b4de-1a5bd1bf17e6,Patrick Richards
9786bea4-86a6-420f-a0d7-02b413200fb2,Mary Deleon
d1f8ec7a-a740-4ea3-b928-e7c5bb8b0a01,Shelby Ray
a973a6bf-7534-4351-9201-c1fde3e1ff1f,Carlos Bass Jr.
a700f5f2-3d97-4d32-91c5-282f36a8209b,Carrie Abbott
6f2ea044-d1d9-4f1e-b779-ed5b2540fa05,Ryan Austin
bbbb4ac6-0d91-47b9-a8c4-71042bbc4869,Robert Phelps
e8c407ad-c980-4960-8aa7-853341e36f5f,Andrea Callahan
54d44f90-71ff-4518-b59a-093e23f9bf9c,Mrs. Megan Scott
f7378930-2b60-4f5e-aee6-cd0f3b066431,Rachel Graham
7844d949-63c4-4582-bb85-d4108094bf33,Angela Weber
7e451b21-9e51-4919-85d2-bc2d4c50f272,Brittany Brown
5e62c6a4-0564-4e85-ab3e-8aedce37a31c,Virginia James
96d56ff1-9d53-4937-9bce-c61d2dcdd6ca,Lawrence Clark
59201504-bab9-4bb5-9b38-3a6113a0b5f7,William James
845e6154-3d2c-4432-833c-9272902cfade,Wesley Jenkins
79749e3a-7ccf-4d27-9069-ffa2698d41ff,Angela Moyer
588b2693-e599-4da0-a351-6179c5c24287,Michael Walker
f4d963cd-4e43-49dc-b283-45b2bae8727a,Susan Stephens
4ff9daf5-eafb-4c9c-b63a-936a53a3a255,Eric Austin
43e09902-ee4c-4652-a024-7fad46f3570a,Martin Barnes
8cbc166c-8abb-4dcb-9609-741e745095d8,Jason Johnson
de82d685-fe7b-4216-ae3a-f4396ea77528,Anthony Stout
11eb48b6-bfac-4da6-a56c-ea9fa2d28d9f,Lisa Murray
284ae416-2913-4e33-baf7-65dc1b52387e,Elizabeth Walker
4404ed88-b039-4302-be6d-292f04f11520,Todd Bautista
cd95ecd3-1643-4a73-a263-bd0fa56d2479,Natasha Montoya
187dfadf-832f-415f-8c21-946a4608ec5f,Juan Walsh
203160f2-2161-4cb8-b702-73d9a0d617eb,Madison Austin
93518f2e-ad8c-4f6a-9a6c-fea5a7a59e6d,Benjamin Davis
67201f58-43c8-4aaa-81a1-adff40c62d98,Mr. Brandon Thomas MD
e044e6a7-4cb9-4f35-b95d-f8b106c61f45,Kristina Garcia
96315a42-bfe7-4609-afcc-6fa707ee9bec,Lisa Roberson
4550c02d-f806-495e-801a-b3e55233f8aa,Erin Murphy
0e10c7af-ccec-40f2-8f0b-94df9d4d3d64,Mary Nicholson
ace7e72d-2703-45bb-8379-1f748090d713,Mary Ryan
1fb7503c-3485-4bd7-be92-ca8b47b141ed,Wayne Baker
5022b770-e972-437f-b360-0a417edc94ee,Deborah Peck
422862c2-cd1c-4d7a-887f-ca604a73874e,Linda Carlson
4961bb8f-c311-4938-b392-e30d167508b8,Nathan Webb
0f6f008f-b392-4b6b-86b2-cdc914e908f7,Brian Cordova
495256be-b75b-40a6-89d6-7d3ca314582f,Douglas Johnson
f50a89b4-98dd-4834-b97a-657e820d8748,Carl Dorsey
52483a66-c92b-4b7c-8dd3-e95d363279ad,Paul Green
0c361257-f75e-4e14-83d9-6071382af563,Rhonda Gomez
52bece7e-f904-44a4-81c3-f065f1ecf13e,Gregory Anderson
5fb7b26c-874d-43f9-aaf6-0540ca4e58f4,Katherine Martinez
7eb7e05e-fedf-4536-85e3-b38e96fa5813,Christopher Wilson
7b199889-053f-4a66-af14-4789f96febfc,Kelly Holmes
e9a33ba6-3f66-4400-914a-d53852cfa94c,Nicholas Gray
5475547d-f299-437a-917c-59e02e84731b,Robert Robinson
daae3e99-ebab-40e6-a073-5880c040524c,John Weaver
bb53d901-22c2-4346-917c-70b44a539598,Tammy Patel
dac3c45c-10de-49f5-83db-00645e5798d7,William Davis
316bfcac-c6b7-4feb-b8ba-56c4d65f089e,Katherine Ryan
d0ae0836-6c07-467c-9da8-b5a17a4d64c2,Michael Rodriguez
3353b8fe-7490-4619-8d45-d7c8792d3142,Maria Macdonald
8962e9d7-9b10-4b0e-9fc5-69fd960af404,Travis Johnson
28f0b511-5687-4b8e-b2e3-0ac2ab708910,Kelly Miller
aa89b47f-6c57-479f-a431-e1d768b880c5,Victoria Russo
f5085dea-f63f-40c9-a873-5cd82985fcf5,Rachael Kelly
c5881ec2-d4ef-4f15-85bb-a5ea7640d30d,Brett Allen
daec0a37-af97-42e8-8fb6-39d5d3faf42c,Jacob Brown
a9afbea9-cdd2-48a1-83e2-f7dff192590a,William Garrett
31fe1ab7-c734-4708-993c-437ed63758fe,Adam Reynolds
37616be4-aa18-4982-840c-ccb26983f43d,Melanie Scott
0b8910eb-b923-4ae6-9c9b-c95729ed9ec6,Kevin Wheeler
d7212d89-f1ca-445e-ac92-4f4c4454966e,Patrick Shields
2a0fa2e2-3045-4600-a929-f2eb5684d603,Brian Bradford
47f6cb2d-98f9-480f-af32-c48eb14fc5f1,Tyler Spencer
bccfa971-a762-4513-8755-5711498d4c9b,Kenneth Wilcox
29903b2c-1bf2-4734-8366-e14fb2bfc4ff,Christine Miller
acfde616-a34c-43e7-82c2-2c70e47c035e,Kimberly Jones
30ad44e6-35e1-484c-a0ce-b8ff5ae42c0d,Charles Edwards
12f13fd2-a7d2-4298-8d94-6b62382772f6,Wendy Sanchez
160d7a93-c9d5-483f-b8cc-26169ca30b6b,John White
5b742396-ac12-45de-9e8d-a0d5b6469b59,Erika Mccarthy
1c6b26ec-c31e-409e-a1db-653bc67b73fd,Terry Welch
a63dbaa0-8480-4d7a-933c-d01db727b25a,Ronald Tran
fa20091e-9110-487c-b5e2-e1db61edf7d2,Mark Smith
201be182-2a12-4803-b282-393f9b7a68ba,Alicia Finley
943f3139-c0f5-4412-b7c6-7c4a7cbcfeff,Jacqueline Cuevas
a6bc614a-095f-4005-ae2b-86456cfe2c40,Paul Barr
30f629da-1e8e-44d7-ac32-0e6c1e9ea158,Teresa Murray
49c27243-f368-4f33-8643-071e4d5af94c,Jason Callahan
7edad283-e35c-44a2-912e-0edc71ceefc9,Joshua Garcia
176f837b-97a7-4aca-bd62-901838a63255,Kelly Johnson
36cc5398-8d07-43e0-8ca0-e8bfadd7230b,Samuel Vincent
93407343-266a-4ef8-b10a-445422e7c84f,Donna Crawford
7e3b36a1-71e3-443e-9b9b-4aa594e6f51f,Mrs. Stephanie Riley
807b82b5-6eea-47e2-a497-8ac15c18f3f4,Steven Flores
318e8c06-82f4-46c1-9960-f9b032176dd1,Jeanette Johnson
d8f61bf9-ae1c-434e-8db2-6714661d06d6,Veronica Farmer
073fcc20-e68b-427c-95e6-0fc2c75ebbe9,Kathy Thompson
34560360-c3e0-48be-9e87-dddba9530e32,Sydney Eaton
a9a92862-6158-4a51-a722-1c5f99ef4436,Lindsey Salazar
2f6823ea-8ef8-437f-99fd-308ff8b68596,Heidi Miller
c1e8f886-9eb1-4f99-a7b4-68920d1df252,John Anthony
de906905-b885-4e5f-889a-3916a5cbf4cb,Patricia Johnson
f16e1b67-2bc5-421a-8111-f9a352d57dfd,Kyle Evans
c16b08f0-da76-47cd-9772-6078554786fc,Stephanie Sherman
b1858439-c701-45fc-abb9-c0a149b29b42,Audrey Marshall
f7c8616e-ac51-49f8-91d5-72c74a9d92f0,Paul Cohen
27d08109-f516-47e5-b441-eb09a646ccff,Kimberly Stark
01188527-31af-4d68-86b5-8bfc27937a46,Garrett Martinez
3701f73c-8e0d-4d65-a6ed-f2c0b4177ec9,Caitlyn Hill
b72cab20-6ba9-42ce-aa15-1c41d7aac3f5,Matthew Williams
44d657fc-39c0-4eab-8ec0-1c98d7b1ecc8,Sheila Lewis
9d30c21a-bec7-415e-bd60-af11111cdba7,Richard Burns
746c285b-8ecb-4a9c-b851-5158800f5b57,Paul Gomez
1e6a2f1c-22a9-472b-b501-25eb0c298b78,Carlos Lynch
05d54430-409d-4f5b-9f0e-ec802793af45,Christopher Brown
c911d568-1b77-49fe-9a6c-00af4dd03d2f,Gilbert Kim
ac41e3f3-46aa-4471-ab13-a21f17130486,Courtney Lee
43784c6f-5729-43bb-b04e-93772b060094,Kevin Booth
eaf67c5f-00b3-49fe-8f54-2dacb2d5b6d1,Amy Johnson
ce5397ad-854b-43cd-9ba6-a0a6c89fdcc4,John Phillips
74f14ce5-228d-4784-9f81-5f2c813ba764,Mikayla Cole
84358961-8d0d-4bc8-a5c0-4d583312818b,Lauren Waller
fb044264-1630-4a43-911a-2cfa16cace68,Jonathan Arroyo
7aa4eaf7-45de-4c11-9508-89aac0aa8b9f,Matthew Rowland
82659740-0179-4a9e-9c12-588f8a453af8,Amanda Snyder
61d7e33d-fa22-44b8-9b58-52b78faff6cf,Jessica Meyer
1768b26b-86e5-47cd-9c1c-b34228e273e6,James Anderson
6d7cb743-2ab4-45f4-b2e0-44d9e8c18fbe,Gloria Huynh
71bd0300-cdf4-4e5b-b7af-4e3049869927,Noah Jones
c5eccd1a-0e11-4345-a3e0-bf78942baf7e,Christopher Smith
d0c1fead-ebd2-43c2-9a65-4e484a6f329a,Mr. Christopher Price
3fbf6314-5beb-4af4-99c1-3635043cc047,Adam Carpenter
2655c10a-2e96-42c4-b50a-047d03e5fe56,Kimberly Lewis
9df58da5-72da-4d76-811b-9516229812f7,Nicole Lewis
9fea08e4-e940-4e1c-8ac3-d5b4d1297365,Elizabeth Perry
c8cfac0e-31b6-42cf-973e-3befc6598ee3,Rhonda Ward
3574fe00-3c71-41ab-9bb5-3636b42b718c,Jeffrey Lopez
64ad92b2-ac19-4be0-b4e9-610906bdd0b7,Crystal Mendez
04e6c139-1a85-4eb4-a910-5191c38b43f8,Jason Krueger
ec097553-53ac-41b4-83db-1e89176e0719,Derek Francis
3ff907d9-b873-4c85-911d-9c0ec583f79f,Thomas Armstrong
f6d51469-1fff-4b2f-93fe-6ec90c02e2ee,Tony Garrett
38e74b2b-12bc-4ce2-9208-5945dc4cddab,John Collins
5c05cf72-6d91-43f7-b4a7-20e35f80f70a,Tracy Powell
0a0885c0-7fbb-43d6-a453-82abf1d0effd,Michael Gallegos
90d780d8-8779-42ac-a548-a814d5f7de01,Linda Snow
711f2244-64d5-4da2-b164-0e5a7dfec322,Rachel Sutton
5d55592c-4c45-4303-8e4e-7d9224aa8bf3,Alyssa Cruz
61bb1027-ffb5-48d8-bb8f-de75388a2b24,Jerome Martin
597b32a3-72c9-4c49-8997-eb7c4b0dbc36,Cindy Matthews
b512377c-8fe2-49c1-919d-567880966954,Tiffany Bass
5e99cc59-e1df-4564-bd46-a7e21de30598,Dr. Lori Nelson
de64977f-1d05-4ec0-9388-27df6a2c28ca,Stephen Barton
1bb643ed-c527-4393-82c7-c63b192bc2e5,Ryan Nash
bb5cf26f-c812-4cd9-a4a5-fb107d9fd341,Brandi Douglas
95f130a7-e301-43c0-803c-dcb9e0b29386,Holly Harvey
da4cbf54-8f3b-44d7-91e9-2a166835b9d9,Natalie Pearson
ecbba1b3-12fd-4acd-8f87-12180802566b,Paula Garcia
52bf1632-53c4-4437-b4c2-9feaf9b0a2b7,Joseph Mejia
9ebaeba4-bc77-4b41-ab76-1532473f7102,Ashley Smith
6bb6f565-95ce-48bd-80a5-33ca3059a402,Linda Johnson
4d3a61b4-3fc9-4ff2-a93f-ed2bc2aa8450,Amber Franklin
5992cd75-424d-465f-b8e0-34339a253653,Dylan Anderson
f9f8a010-9176-4a87-bf50-9d875f9ad5e2,Charles Carpenter
5499f478-04a1-448e-8a9d-6ae6f4651d01,Brian Estrada
df59a560-80c8-4ae1-9307-af792a3061b3,Diane Hunter
6e847fad-6506-439a-9d0c-cf77497c0a70,Daniel Kaufman
e061f63b-9bbe-47d8-bbe3-955d8c07df95,Misty Townsend
bcccc432-c7e1-486e-ac22-4ebbc8259f9e,Lucas Fields
64acc459-347c-4b03-af80-64f6aee672a4,Aimee Dean
d0647253-f422-4d3b-aec7-033a01df9f48,Dana Simpson
a37ad33d-d414-4d6a-9875-7acdb4f13722,Victoria Parker
e1c52e86-7edd-4cd4-8bfe-7ef16111a1ad,Joseph Robertson
1ce109b7-2487-4cdf-ad87-5b716b1be67f,Colin Campos
dbe2c5de-00ef-43fb-ba98-b00f211085a6,Sandra Farrell
6965eb47-2e22-48a5-b792-23ddd1b18ede,Ryan Lewis
74078d80-3191-4bd1-99f3-c9df312049c4,Katelyn Warren
bf4cb8fc-a941-4013-918e-5524ad6e7095,Laura Mccarthy
c1cac3a7-280f-4b77-8e8a-6c667a367406,Kyle Carroll
69c6b847-5a31-4a7a-9364-c233b8d757b5,Mark Taylor
ab21dd24-5c05-4a7f-81f7-9df50a5b30cc,David Freeman
996983bc-55b3-4b5b-8b9b-c57aa1eca47b,Raven Johnson
c97cb52b-e2d9-414c-88fe-9a66f226c66f,Matthew Zuniga
14a70a77-2b34-4fb6-8a5f-cf5244bda1e4,Michael Thomas
70bdb628-41b7-463d-8eeb-f6d57e80160e,Michelle Mendoza
f7be859e-0b22-4eb7-990f-946e0825a679,Catherine Navarro
4452d361-2d0a-4c20-bd68-5ba686af892c,Patrick White
250a1c40-4f57-40c9-910d-a2fa7016d912,Whitney Collier MD
d10b57ca-9650-4218-a9f6-a186f0c076d6,Michael Harrington
e90f3c28-11bd-421c-81ad-bd10c41f97e1,David Cooper DDS
25808ee6-b052-4462-9021-fe635e826ea8,Lynn Smith
1c772b63-d2b8-4fd6-a2ba-aa06b813af5b,Paula Mcdonald
d83bf384-a061-49e0-990b-26a0933c19ad,Judy Alvarez
b066d71c-cb23-4a2e-ad4c-2a2a33883e87,Roberto Hull
ef343d1d-d26b-4c9c-bfa4-005f7a6d5934,George Cross DDS
d526bad8-69c0-4892-8e3e-0d03e8f46e13,Robert Riley
1c47814b-db17-4a09-b83d-d748c9e6e79f,Susan Humphrey
00a444a9-3ec7-4a0f-a4c9-3d648a19108d,Brian Fields
07767606-be74-4c45-a9e2-5134fe589a12,Maria Shea
669f1d05-0670-4e83-871d-9ade310bfdce,Tracy Garcia
a7d11962-526a-483a-8846-0f864a2eb4f4,Regina Chen
78b4d9c4-89e8-4dea-a0dc-784a70daeaf9,Kevin Evans
f1a055f9-de99-4c71-afed-f11154de9558,Dana Mcdowell
6ea006fc-3b7b-46a6-a8f8-93008316bafe,Melanie Roberson
7c0e36a3-62f5-4105-9d6b-29aea4bc7b14,Amy Hall
30866187-bca5-41c4-977b-8a0dc6dbf992,Christopher Robinson
8befdccd-5090-4942-b428-ef87bb62c93c,Jasmine Peterson
e09a0671-90b2-4484-a83b-569c0faa0dc8,Matthew Love
9aff5e34-dc59-4431-b347-69faaf5aca71,Christopher Moore
f772d58c-fddb-4c4a-8c2a-c3b75cce9d49,Christine Wilkerson
488a0737-ac38-409b-a923-bebd9710ce7d,Kathleen Rivera
a7661172-5e30-42c9-b614-b2ab765d4323,Dylan Smith
99056be0-f386-43f6-8948-15c877b0820f,Mary Harrington
6d07c84b-4d8f-4433-80b9-abe576b35795,Debbie Lopez
4589f713-1651-4c5b-9df0-cb18be9896b6,Jeanne Morrison
f116dba5-bb0e-4010-a474-82d70365d129,Vanessa Serrano
80abbc8e-f5ad-4d89-a524-6e9e1e63ff89,Melanie Davis
aa8af3e8-fb89-4b5b-8a46-12699e978c3a,Cathy Hernandez
77e70ea7-41a5-486f-905e-fbe468a63ca6,Nathaniel Lopez
675bafd6-0d0e-4d96-b25b-b14c1f0b556c,Brittany Thomas
ffc12d0b-885d-480c-8346-4b4b862e7995,Kelly Lopez
a892fb98-3434-4892-9deb-a0dd3db9eef5,Kathleen Fischer
d42e2bf2-13e9-44c8-afe8-54e0b35d0573,Traci Patel
d6326fa6-99c5-41ef-925e-4e74fb41350d,Martin Greer
aa0cb739-f23e-4112-a66c-9634c0dcb2ce,Sharon Evans
e51409e1-0d58-4fa0-93e5-4bd9f7e15fe6,Kathryn King
137773b0-2a25-4494-b851-a178307f1f82,Amy Roberts
ad45f71e-4d07-477c-8c2a-7d048700992d,William Wallace II
a6d3b93c-c92e-461d-a488-2aa06fcd462b,Amber Reed
38453191-92c4-40a8-a31d-73821c7f8db1,Christina Williams
3fba0f52-3f70-4260-8a72-834a0fbfaa4e,Matthew Green
7cc31694-80e5-4265-8765-9d70c4dd0403,Roy Stewart
c928c4cc-8292-4e9a-ab9e-61a643970853,Adam Murray
d9188acc-cd6e-49f2-9312-5a3a4ac072ea,Jeremiah Smith
1fbf974b-397c-4a9c-87b4-9240c98a44ab,Alexis Cervantes
c3ee16f0-45dd-4b4b-a5ac-b1f44524d703,Ashley Washington MD
e017f5aa-ff8c-4872-972c-4be357b12625,Steven Escobar
cc659605-1e38-4e8f-a941-18adffe2059c,Gina Green
3cfe13ab-55a6-4008-9d95-815cc8dd75e2,Mr. Brian Wilson
4d942d67-fcd4-43d7-8366-64810eb4d621,Steven Hansen
274d5b72-f4c5-4246-8a1f-4bcb324dc1b1,Margaret Houston
aeed7211-3511-4cac-b29b-c8ab4b930b7c,Cody Perez
21139b2e-ebf6-4752-83fe-c63c597334ac,Vanessa Hernandez
72a8c4b6-207c-4ed9-8025-b1b95ab54f7b,Courtney Dunlap
ebf4df5d-44ac-4f77-a7f7-59c228c8b86a,Stephen Robbins
01db50c7-b578-45aa-9e0e-138e83b6b612,Shelby Morales
223afde7-be6c-49ee-8d02-28d77c42afb4,Tracy Gibbs
1643ea4e-42e7-42a2-a1eb-3bd2743de42c,Joshua Martinez
d72a2cce-e7e8-452e-8c1a-6f1ac4395257,Monica Bender
fe085bfe-cf0b-46ca-8c6c-e86af57b4cb5,Justin West
a76f7d4e-f87c-42a3-822b-81907c3bb5fe,Nicholas Jones
459c04a3-3bde-4e7b-bb33-f4cb854cc4c3,Lynn Ramirez
38e3528c-5e8d-4c86-a545-ac234f5ac397,David Lewis
f2215e1e-e3aa-4225-9eb0-1c9d25bc8bcf,Andrea Moore
74e5697e-8c49-47ad-be8b-8d4310aca898,Kristina Snow
4c96e489-370e-4a1c-95a6-6dad56ebbf61,Stacie Cook
dabc29eb-8c3e-4baa-86fa-fe3769b61b22,Heidi Branch
3e66c826-78d8-422e-8041-4dfeb5eccdb9,James Maxwell
7d118cec-acb7-427c-a246-085084625c4b,Sandra Crawford
881efeb5-364d-42ae-b360-ef6c5492bad3,Andrea Page
4b4cd093-2189-430c-b341-813a32ea68b6,David Gomez
6bd9aceb-8eef-43bf-81c4-19c13cceb3d7,Kimberly Gregory
a42ffe5a-21c5-47aa-bf2a-73a43b6a4d44,Brenda Kent
74030eca-7a27-4534-8657-29285af6fed1,Victor Bullock
5fb43261-77ad-429a-8439-5fd8a07b1ac9,Erin King
5d0ed4d2-b4dd-4587-8352-202d1cb65e48,Amy Simmons
f1919239-04e7-4f66-ae8d-5f24ad31359b,Mr. Roger Johnson
9ea73cf2-bcfc-4535-b275-4784d36650a6,Melissa Smith
7d3d9795-d351-46ac-bdab-71cc17219ace,Derek Lang
c2e7e384-8864-449a-9843-34d97701bf2b,Jennifer Manning
a2193bd4-082a-460e-ab5a-faab5a8e4329,Dr. Erin Turner
ccbca665-82c2-44b3-b723-e143839fb0be,Christian Young
c71cca41-1a6c-401c-9151-8878af0abbc1,Sally Olson
a066e56f-3661-4059-a809-45cac8f62e66,Savannah Nelson
36c128c7-10ab-4982-b065-015f8de37948,Brittney Bennett
bac190a2-e62f-4084-8859-3892799144e1,Ellen Henderson
1ba79495-c08a-4753-a5d1-4045c9effaa1,Michael Carter
2226d877-57b4-4d21-b566-107d6bb0ea2a,Kathryn Day
4ee590d8-d0b4-4a65-8996-27c6aa9e0be4,Steven Hall
ab17b185-f16e-4450-b5e1-0f0010b722a4,Manuel Hess
cf561ae3-5f1b-42a2-a922-9a5311884b9a,Jacob Ortega
c7796d1b-1d40-4f1f-8262-32651546427f,Kathleen Lucas
aae8ed86-0451-4c64-9ee1-a7f4d6796b31,Jaime Wood
07321ab3-99a9-4be3-ac82-48408bfaa579,Scott Jones
fead1a18-67d5-4694-b1dd-421b97cf78a4,David Donaldson
ff52fd4c-ee80-44f8-88d0-d2a18873cd2d,Shaun Berry
4638e748-1224-4193-a1c2-36ddf1182b9d,Thomas Martin
d32b174e-940c-47b4-8ca5-a335d3b86269,Steven Reyes
be45cb28-cb2e-4c56-80ab-56e8f147b8b4,Hailey Galloway
88f06373-1324-4d33-bd67-928d056d1488,Kristin Lewis
24ec0fce-fa25-4ec2-bd38-d6ce1fdbdb79,Tracey Larson
44e8f659-f28f-48bc-a618-fc4a620c3502,James Walls
31e9953d-b323-496e-9466-83bc57c080c8,Amber Coleman
d231510f-9c4f-46b8-8301-09edf3eda37b,Anthony Rice
b73442c3-604b-41d9-97a9-c1173656bc93,James Robertson
4009807f-65ae-485b-bac5-8dd1d9fdffba,Angela James
7c229c7f-ca1e-4477-8b73-ee39963115f4,Shawn Baker
042b9d62-19c0-4cce-96ef-0291f6fe3d44,Christopher Cannon
38e6bc0b-4bc1-4614-ae9a-c80abeb6e4e6,Pamela Rodriguez
e6572bd3-a3ce-468f-a450-c768b40c990d,Lisa Jones
1193ccc2-bca6-4a41-a0a6-76f1493d888c,Victoria Villarreal
6a9b2bc3-4919-4bf3-a840-700a20aa738a,Carla Jensen
4a8aa14c-a5bb-448c-a937-e9206ed3911a,Christopher Owens
a40728fc-105d-48f1-9db8-9286bd7029a4,Abigail Wolf
96747a99-8eaa-424e-96ba-a26ca5ed69c9,Gregory Reynolds
344bdaca-8937-4b12-992f-37cdb8f66f5d,Lisa Mendoza PhD
81bf1bb4-461c-40e8-bb40-c2e725475765,Sara Spence
899bd317-787a-4c44-aa04-821fe9f95a60,Dorothy Arnold MD
404777b6-3872-48d7-9441-2ed548ee1965,Julie Dillon
311a9ec2-21ce-4a77-8c34-d54a6b5b1534,Jason Gibbs
631b4f87-55bf-4fcf-b6c0-2c65a7a61f65,Jean Young
7f71e3aa-a41f-4556-b4c3-cc08080dd0ac,Stephanie Reyes
14b45be2-dd10-4831-9d43-b330a3bb4f87,Megan Johnston
434cbdca-2230-485f-8be6-df3dfffb23af,Margaret Hart
4efd276e-1f50-45a6-b119-911590fb2dad,Melanie Mendez
5eac6285-1022-4a15-bfa3-a4cbf4d2ee55,Steven Williams
3d46cc77-8328-496a-951d-30e32d9af52d,Dawn Keller
3e083819-d327-4fb6-93ce-edafb02fe1b0,Jill Barrett
454f72e7-5f82-42b2-becf-3b4ab7728161,Jack Huynh
55b60ce9-c243-401a-8e28-a20ae3b8cca5,Dr. Ryan Wright
52a125a9-6cf6-4825-82c7-e85d3f668599,Tyler Miller
be7113a2-6386-4362-86de-128a5bd0a687,Mrs. Denise Allen
ca37c288-7a85-4bdd-bd7e-9f42f3605c32,Brandi Jackson
ed0af448-d99f-4f3c-8218-3d005cde5080,Kelsey Walker
d865f703-3dc1-4ce2-9a6e-c3778aa4726e,Mr. Robert Wilson MD
435ddea1-642e-4b65-8bd7-b84c5723b563,Brittany Morales
035502c3-8ed9-475b-9465-6ae565b08aef,John Chavez
6520ce5a-7c66-4f23-8fed-f3ff32c3970e,Ashley Le
9ae7a534-d938-4b25-aa1e-c120732819b1,Daniel Jordan
d2085c31-d36b-4ec9-ad34-9dca5a0e707d,Amy Mitchell
7a63c00a-91cc-4fc7-bc9d-167242de8349,Jacob Barrera
96e97442-4188-4a92-a5cc-4e23eede04c3,Stephanie Navarro
3b9b3274-bb2a-4bf7-b6dd-72e905a9a72d,Karen Brooks
350d7670-dbab-449d-bbb5-29417cd03cea,Carl Sanchez
2ddc4a88-09aa-4527-8a5d-bbee307a5384,Sandra Ibarra
636e2eda-945e-4e5b-a1fe-a3f9ca3d9cc1,James Thomas
4bd50edf-9be4-4213-b1f0-4000e72aaeb3,Traci Maddox
ed58748a-d18d-4e62-b148-210f400a4f74,Brendan Figueroa
56220e33-e9d7-4e42-b8a8-c50e69b33483,Kelly Carpenter
8cbb960f-cbc2-493b-b8dc-ce1772a20fda,Raymond Garcia
9b9eee19-5af1-4f8d-846c-0b7afdfa0984,Luke Bolton
630a3d1b-ffc8-4825-b50c-bfd8abef801d,Shawn Stevens
65af7b8a-da2c-4bc1-8dca-590a6a9428fc,Stanley James
ee0fd040-c2ac-44a1-906c-a835aea0eed4,Alejandra White
16a0716d-0394-45ee-be55-b3d7e6a9dce3,William Lopez
610dc6c2-5e82-46dd-acf9-f9b4a8ec29f7,Benjamin Williams
4d36fe7f-c57c-4d90-a269-9e857dcefa8d,Sabrina Hall
3f772482-3f9f-4055-947c-9165871358bc,Monica Warren
fa1b016c-999e-4c82-ab8c-afcdd7863006,Kyle Hart
7550a250-b37b-46e6-be34-44d84d3cf7f7,Mary Jordan
e8787014-aa75-4edc-ad43-439a4aa9a327,Adrian Harrison
5b66915a-5d8e-4915-8f05-5cff801296c1,Darrell Logan
858c0746-bb77-4c0b-835d-58ce9db8a376,Christopher Hamilton
df906221-bd9e-493c-9a0c-3876d5c73650,Janet Stein
7e65476a-7666-4645-8cad-f5ebb46ab95b,Ashley Sullivan
07bb1540-d96e-4b08-bf81-2bb5ab364f59,Darin Burton
3e45f9b5-4199-41a2-a713-2217d4fa511f,Kenneth Johnson
0ee429de-bad8-4500-92b6-185ba078fc2a,Kathleen Goodman
819cfa2e-cb30-4bbc-8b64-199a92934097,Victoria Cameron
6b054feb-3770-4961-92ce-7558ac3ccfc7,Carl Tapia
3c94f8a9-9cee-4344-95b2-e10e301b9d0f,Kyle Saunders
b63a27cd-b0fc-4c58-8253-e1089d31a557,Roy Phelps
6c5dbedc-056e-4cb5-8328-5993c42c75af,Jessica Duke
72e38409-87f4-4128-a958-e8be4dca946a,Brendan Atkins
8d0fdc19-d016-48e6-b14c-c6a51b36e4f4,Melissa Miller
553ef48a-6163-46a6-9bac-a63f595b6cf3,Kimberly Rodriguez
077ac68e-98e7-436d-832d-08b6248d71fe,James Jones
175eb27a-ae53-4f2e-8925-ed366f0661a0,Trevor Gaines
080695eb-36f0-4b86-9239-721a84485cca,Shannon Yoder
12f9e5b5-cee8-41ff-840a-8f46875a8b91,Jay Cunningham
a3927ca3-e21e-4ecc-82e3-836cda304ef1,Maria Rivas
d3f6d46d-5fa3-489d-b499-efb5eabf553b,Megan Fischer
b5dd058d-ff09-42f7-ae99-1ad752f505da,Alec Ayala
10aefc22-bba5-470a-9369-0a7976ab11eb,Madison Mann DVM
3a3d7ae2-aa6d-4e74-a7ca-bc009cdffeea,Elizabeth Cole
67517f25-2715-4868-8cd5-5f87ccced635,Alexandra Chan
df8b4e67-230d-49be-b06c-635e62779b85,Jason Rodriguez
152788be-9c3f-4704-91bd-a57e33013ad9,Sharon Johnson
5cd7d418-ba1a-4d5b-b04c-acbe73fb7aed,Connor Jones
5cb0a80f-97ea-40e7-8744-5c6a7ab1de85,Lauren Ward
dd34fd41-11d8-4546-a59b-831659faeac8,Katherine Zuniga
41d74504-dec0-4163-93bb-4b03720be9ae,Sean Barnes
1282f1a5-88be-4b39-ae0a-3c3c3ece961c,Richard Li
f9e9297d-b90e-4aab-b558-c580907be9e1,Matthew Carrillo
51e17e44-5399-43ec-8c8b-45c321213a79,Robert Oliver
7d0d129a-911d-4652-8862-378fad8bc8ff,Lindsay Shepard
e1e161e0-b951-49c5-ae45-f902d687bd8c,Kevin Arroyo
e72661c5-c54e-440d-99fa-a26a260e52f8,Daniel Little
1bec7c72-ef30-4ec3-8266-ef914295ba19,Miranda Myers
af6d0a22-19c6-41d1-b1c1-0cff11642adc,Melanie Ramirez
50b916cc-dedd-4571-9428-e01da40f5512,John Evans
e755c7c2-3220-4d6a-b132-f2d2c2fe3ed6,Philip Lin
cbee107a-b89e-46b1-a544-5f1631724fb6,Krista Young
bbb04563-2491-4936-a426-e3324b838cea,Sarah Porter
576083f2-0707-4fe9-99b2-45a11107b05f,Jon Rogers
930ef02e-514d-4f2b-b639-efb836998605,Tony Murphy
ae9c3c69-9be2-4ca4-bfe2-fadafe45d50c,Henry Flores
b265867c-d401-49c9-808f-0c15754699b5,Dana Hensley
d8e2b3e2-04b9-4d78-a0c4-859e7fafedc9,Michael Morris
8876c342-f95b-43a3-8d0d-b482f12865d1,Kimberly Johnson
7c836341-a655-4fd7-b846-21976aad2f7d,Glenn Lee
1061bf0d-4e4a-4112-905f-72074309af9d,Tony Mendoza
878d218d-4654-4849-ae4c-fb71e772adfe,Timothy Evans
a094d493-3cb7-4008-a082-90f6e809c776,Carl May
e3290e6d-ba36-4fdc-b3e1-2cc10ddecd6d,Frank Montgomery
75da7b02-2f32-4b32-a599-021db486d5fb,Michael Steele
fbcf6800-8955-45d3-8ea8-0e0c899cfba9,Jason Clay
1e01559b-e604-4626-9129-151d114ad5a5,Samantha Ward
af6bd5c8-e97d-4d23-8a10-9f48a50a67fa,Barry Maxwell
b87125e3-469a-47f4-a6e9-54eed29c29a1,Christopher Smith
74bc359d-f408-42e8-b515-d57468716e65,Fred Gibson
ef58a1d8-1a7f-4f7e-9e0c-b9fb14e8b52f,Jeffrey Smith
aa033426-b64b-4da2-9d74-543564a4c7b2,Kimberly Evans
dcfe725b-5778-44b2-a1a6-adae025fcac7,Robert Patel
1e821e55-4f11-4a0b-aae9-498229ca8c71,Kelli Williams
f5de05e1-4b7f-4b93-bb92-091da2f3cbfe,Jason Chung
b6bf7eaa-8131-4a57-95be-f95767a5060b,Kristen Acevedo
9cbd37ba-2552-456f-aeae-86ed8b988c02,Danielle Anthony
a6613fa2-d01c-491e-9cc8-dffb9fd4d00f,Brandon King DDS
fcf08c29-b6a9-416c-aa18-f39ca75f2224,Andrea Obrien
4618ba60-d44f-4dcb-97ec-3964efeb8151,Joseph Pope
c86964e3-2c3a-4a4b-87d4-7247b5e2602f,Amanda Harper
11e9b463-8f2d-4f29-ab6e-25ed83771aa0,Brandy Dennis
0d69c1dc-953c-46db-8b9d-971270e4e8cc,Taylor White
d4aaebfd-6222-465e-8905-05573ad35a2b,Kevin Tucker
cd49ad43-b6f9-4610-99f8-1b551355f0f8,Patricia Collins
fc064421-0a8f-4bc5-8d1b-65d98414aaaa,Courtney Martinez
2e8bb220-c8b5-44c3-8feb-da474469f55f,Kathy Nichols MD
9f8c318b-c253-4e6c-bf3d-b863702c9545,Andrew Cohen
3d454800-6614-43b5-8875-16a2119eb184,Gina Smith
3fd979d7-63b3-4788-9cda-ece4beae6801,Evan Williams
3d483f12-1ee0-4641-88ea-49ea040db4a0,Sarah Edwards
da60abef-4af7-4376-96ce-c6884b68aeea,Daniel Jones
10df822c-7a3e-4646-ba4d-87d91a47aad2,James Lane
f0e47f8e-09c3-453c-b052-60007ce20d67,Nathan Cox
83b657ca-8d75-44c9-8f97-99bcb7e90862,Henry Harris
7000223c-ebb1-45fd-989f-09448e969e47,Kathleen Sawyer
63cc45aa-7b31-45fd-bef5-80bc1d050ef5,Justin Farmer
031ae843-4afe-479a-90d5-b4b9f9cbdad2,Timothy Bowers
a9e4d567-13b7-4b3c-9583-b04f3e9a9c13,Natasha Johnston
7f5899c8-3596-48c5-9399-00676c65eb66,Amanda Diaz
abdbece5-22ca-477a-94c2-5e15e0874d42,Ronald James
23005204-7ec1-4216-ac4b-11226f7e3499,Rhonda Watkins
11d08346-fd64-48a1-975e-c439e7eb66dc,Brett Webb
5c4b913b-c094-4919-94da-ae941ab876a6,Kimberly Oliver
ed32a0d5-f3be-4bca-969f-da2738a545ad,Jennifer Miller
b2f48041-10cb-4bd0-b8dc-a105e7f4e38d,John Farley
d1cd724d-cb03-4672-8e68-078485ca21cc,Heather Ferguson
9b4492e3-1aad-411f-a0e3-59f96646288a,Joseph Murray
8d25f36d-38d1-4604-80b3-6a59abea531a,Jasmine Knight
59a9b695-d1ae-4b9d-92f9-a645edab89c8,Tiffany Logan
decf38f2-da49-4621-b266-cd6afab32936,Michael Hensley
ee9dad45-9481-4e0e-bb78-7225a2d44b90,Elizabeth Arnold
08dff21c-c416-417b-ba85-bffcb80a722f,John Miller
b9f66494-9a14-4f0d-a152-56d12bd08fc0,Christine Gonzales
57b55d9d-14a6-4619-b2a8-55cc10aace0c,Timothy Ferguson
6dd2b8c7-8a27-4f60-b7ad-d8f891cdb604,Jennifer Patterson
8ee482f0-8f40-4a1e-8ba1-f7fcc252a1b4,Catherine Robinson
a2ffd110-0cb9-41b6-9080-1b5fd8572356,Stephen Solis
4713738e-d6de-4e93-b232-9cb33f0cdb7f,Robert Wong
03fd8b4a-68ae-449c-b9b3-dbd8b5d32a4d,Sarah Ibarra
77e4f539-7ba2-4426-aba8-1f92d0abc9e9,Brian Smith
67fe9004-0dfc-4b94-bf93-db217ff0d218,Paul Huff
cd26f7bd-3645-4047-9702-a8f9bddab9ce,Gene Frazier
4b03d6c0-2c41-402a-9d09-969a48402456,Robert Everett
9557d61c-1553-4bf1-a196-b09351ee615f,Derrick Black
701c6b45-e58c-4474-8e85-ee14efbbe464,Brian Lopez
f33ae8a7-55a3-43f3-8418-fcfda323a4a2,Peggy Martinez
1d681b99-cf08-4c11-93d0-a9becd43c900,Corey Rasmussen
eecf9f05-2a6d-47bb-a85f-653da1f886f0,Stephanie Watkins
67e60a82-0d32-4718-90b4-e1b160e2aaf3,Shawn Rogers
4e007071-b759-4e0d-8adb-55b33195c809,Jeffrey Durham
23fee624-d8cd-4eb8-8fd3-bc370e62ff0b,Vincent Carr
378d80f0-72e3-494d-b020-7e2171e227db,Patricia Webb
18ade6fa-a2a2-4cda-8dcd-2d3e50e173f9,Mackenzie Torres
8c04d664-e94a-44cc-bc81-43dd2bdb735d,Mr. Jonathan Taylor
0652e25f-8497-4a3c-aee8-ed2323779fac,Sergio Johnson
e76b69d6-b63f-47f6-aa6b-d1ffbb42b2c2,Theresa Pennington
1d9e1e88-8aea-4ba1-943e-310bbc104560,Jonathan Lee
31fd57ff-96eb-473f-9b0d-6f6ef1417a6a,Sydney Weiss
573d8544-e61f-4e94-99cd-236e69facd6d,Aaron Smith
e0f76130-07ec-4f76-94a8-31d53f14ba1e,Hunter Dean
b0d03370-b276-46ca-ba94-7a63aba44dfe,Heather Lara
8f0b5e79-e651-438d-a175-d2f3e0dd5017,Michelle Conner
61be66b4-8544-495b-98c1-da080d46b85f,Mark Guzman
be023eea-4f92-4fc7-a176-21d85aab01df,Rodney Brandt
3db6b224-3ecf-4bed-8b82-e5dbcec07853,Susan Johnson
95be3bf7-6eb8-4837-a4a1-fe56744ab9a9,Joshua Smith
4a383a43-980d-4a88-bfed-317ed75d9955,Jody Hale
583fd26c-b7d6-4a40-b1b5-e8adec528552,Jeffrey Woods
284110ab-8ac3-4e97-a9ba-119892afd242,Gregory Good
e2c5c0ac-b6a4-4e55-9c3e-d90f20b21f3e,Lisa Palmer
46385e69-43ed-442a-acbb-9b40dd2d21ba,Angela Clark
d7b1dd90-2d2b-47dd-850a-7f081972a298,Kimberly Coleman
e8354ca0-b7b9-45e0-9604-3d62529e9378,Elizabeth Schmidt
e1c4182a-fdc5-45db-8a1c-7611d0feb520,Karen Howell
9e5ea1ce-fdfe-4320-9726-c88fd6ed1def,Dwayne Gilbert
897fad82-72c3-475e-af02-0e97fc2ffb2e,Michael Martin
1044506b-2665-40b7-8357-a1ee5147f179,Cheryl Howard
d3512319-c9bb-484c-85d5-bddfa16a9476,Rebecca Bradley
61950156-c24a-46a1-acc4-5d47125c908a,Randall Reed
4403a716-fa2b-4f3a-abb3-186457f98b10,Megan Baker
ff5878e6-8ff7-47f8-93db-f50668130fd0,Alexandra Colon
87173c61-d8f3-4e9f-97d6-f74c503f8a1e,Samantha Coleman
622fca5e-805f-46cc-8150-80519dc7639b,Matthew Henderson
695a5d8c-8fd7-4fae-b14c-c01763fa6fc4,David Curtis
c95e60e8-6423-480b-890d-b8afb5306d52,Katherine Roy
1e455ed7-3017-464f-a917-4de67fdd16c1,Ryan Serrano
8409c3ff-9eae-4f42-a79b-a3eb432a17a6,Kyle Logan
f2ace067-9a7f-48ed-887c-83d0598ae3ea,Margaret Lopez
eed11073-d25d-4ad4-a3df-0cb8fe4589fe,Matthew Jackson
afaa9fc3-9499-417d-af3e-84d55fa011b0,Cheryl Atkinson
ca12d848-1ae2-4268-a03c-d0890b9437ae,Manuel Mooney
f5258eea-aacc-41d0-858a-1313a73b7256,Kathleen Kane
d5d28a87-a575-444b-ae00-d3e26c456f87,Monique Martinez
de90d616-309f-4096-9c5a-257635386d93,Dawn Thomas
cfed31f9-37a0-4c1f-8c9a-667087e0ab95,Richard Richmond
96e5d580-afe5-4215-9a9d-98e20c7bfde0,Amanda Kaiser DVM
cce9b1ba-b806-4549-8634-e6b09ecd4f73,Audrey Campbell
a10f2736-b122-4d2d-8887-7bdd39d2edc0,Kenneth Holmes
1f0ac1ce-8ca3-4ea1-b83a-e784104e2954,Nicole Morgan
77d4891a-abee-45aa-ba22-a283160151c6,Joseph Wilson
29774e32-de96-4248-acdf-02bf12ed863d,Mark Jones
12782a51-2d7a-4c2a-8cf9-f01f78d40937,Casey Estrada
136ed3ca-f11e-4dce-9fdd-32ab6a9a0abd,Derrick Smith
19032f0e-0f4e-47bb-be32-c1d45a44d091,Christine Harvey
e968bd75-4b52-440e-807d-70ee8f91aa21,Elizabeth Hobbs
9ecac0be-aca6-47e0-8c33-d9fea6fab197,Ian Tapia
1d1d9cd0-0ea9-4326-9d5d-bfc4f5dcb28c,Elizabeth Snyder
6c6bbd12-d356-4887-9642-c884d432eaa2,Jeffrey Barry
928a13a5-60c6-40e3-b1a3-67b6e4b73562,Casey Howard
fe1fb605-1dde-4658-8652-c9d318bb1186,Julie Thomas
3e1711c4-3595-49f2-87a6-773b306ea82c,Gary Vaughn
4d8a06c1-8b8a-4fdb-bb19-4d52ae3aa96a,Sharon Morgan
aaff087f-e1f2-40a9-ae8c-ec0b7290eed4,Ronnie Salazar
135cbe4b-a409-4f97-b7b2-e1ea3c427e5a,Ruben Garcia
2678a4c0-189f-467c-9575-b6ff2ae4a36a,Lisa Powell
c3227e9c-07f9-4721-8733-8fed37be1629,David Fernandez
f7c74dad-8dcf-4a81-864f-6b83fc1f41a4,Laura Flores
9d54aa6c-a305-47de-957e-88ac16356171,Stephanie Wallace
aef8d8f0-75df-49c8-81e2-8435e6dcc4f6,Natasha Hall MD
c319600a-5c45-4e06-b7fc-c11dfcfb6fcf,Joel Dougherty
296dec61-fac7-432f-8372-a827e8da7cb2,Kimberly Banks
7618dc3c-71ff-4ae4-9935-a244350a1cf4,Rodney Clark
82d2a6f9-5c7b-4c40-9ff5-e620b0201084,Sheila Smith
08d50740-430f-4317-b306-38ab99756eb9,Angela Marshall
80c9ca95-6953-4fd4-b930-bc906d5cf387,Bryan Ramirez
f6a7a898-5298-4946-9acf-b9f8dbf3c112,James Stevenson
1bb01ec1-38bc-42fa-9477-ba8f6930fc9b,Amber Rojas
526ff874-eecb-4e35-88d2-68629497cfb6,Kevin Smith
f0a28f09-f7e2-4f7f-ac89-026113ec67d4,Bobby Hughes
c4c2fa33-9ac1-4dd7-b686-57dbc29a52af,Jesse Newman
b34f34de-29b1-4712-b689-a557f3dfded2,William Hancock
7075c891-add1-45a9-8019-dbb04f76e8fd,Erika Martin
16bd899a-7da0-416d-8736-7c5ddd22104f,Monique Mccullough
6103f653-b36b-4c21-adda-5a7c49f27086,Thomas Daniels
418f6a83-ae26-4b12-a635-fcc608c6716e,Thomas Yates
554a8ad9-f152-424d-8250-76568b654969,Tommy Porter
5a58aabb-76a3-43a6-a01c-c115453fa118,Emma Holden
1ad5e303-1747-41f4-ac8f-46ca6746369e,Krystal Harris
d9064584-409f-41a8-a646-f6957ab7dd71,Jessica Mccullough
53d9c524-f84e-4f70-8f10-8d0f05104465,Cynthia Mills
ac134f6f-bb37-4db6-919c-b0aea5d6ad4e,Nathan Gibson
1aaabd42-563a-4ec0-965e-7186c832e9b9,James Mcdonald
7dce51e3-e9f9-4b7c-b036-c975c319cf64,Kristin Castillo
a66ac223-8b2b-4437-8dbd-8f71ae0618a7,Daniel Johnson
4d96117c-1711-4b15-ab4d-4382ebb1dcbb,Megan Griffith
ef5f22ae-a9c2-4f14-9da9-0e84d0ab77cf,Kylie Juarez
663d5e24-5b75-40ed-a503-6d3f65f41fbe,Gail Wood
63991c76-4339-4d53-be5b-aa38b219d3d1,Julia Stevenson
42b02c56-74e7-4aca-8337-70fbb0e6964d,Matthew Holloway
fd7b2b24-c7d8-49a6-8136-88552050590e,Sharon Lee
08085fb1-4a58-4bd4-9adc-743f7c8fe13d,Richard Smith
53b03bcd-e13e-441a-bf2c-6f0da67fb320,Lisa Lewis
d97ef18b-b4c4-4aa6-89d7-e1d42845f4a4,Lindsey Patterson
cbeecddf-0ce8-4d66-93ea-7acc55bb818b,Mary Berry
c647e493-415a-48a3-9281-ae0fc4c05a9b,Jessica Smith
622f00ba-ee45-4688-8da0-1715c7c07235,Samuel Andrews
33d0d9d7-4ab0-4770-b2ac-d84448beb939,Michelle Rodriguez
aaf35cf4-3d1e-49e2-ae9d-94606c5d9ec9,Brianna Anderson
275bd3ca-1dd6-46f8-b868-e0b6569d1e02,Richard Douglas
89e35dd6-8e16-4725-a746-6264d63eb351,Melissa Smith
855be064-8347-426c-ba4a-cb66b0705528,Nathan Frank
0a550070-f19c-4f9c-98a1-94fa4ab35c03,Rachel Stewart
c07a9913-3889-4128-afa1-f568283c9fe1,Karen Robles
9a724e53-3cc8-4004-97d9-14a970711882,Dana Hernandez
fb39cdaf-61ff-4db1-96a7-c1e695db7648,Kristina Golden
63dcb839-9362-42a1-8101-c854aeaeed75,Samantha Griffith
96101dfd-7c3f-4f1e-9263-b818abafefa0,Travis Clark
a2b38aad-c83f-43e6-9273-abd31537736d,Kenneth Watson
0a92c35a-dbeb-4b7f-a5ae-41bc4c209a84,Patricia Burns
75bf4df5-e3ee-4d48-a76a-ab444aa268d0,James Cunningham
a4fd3e84-d778-4cbe-9f2d-926ceea3c0dc,Tina Adams
c91ec649-5788-44d4-99af-2594d5fd6bfb,Michelle Thomas
6df44af6-4c96-4741-949f-800f36661063,David Bryant
775571c8-0912-4162-bd88-776fce7e10e2,Matthew Knox
45fe4065-8d89-49f0-8889-1967f89048c0,Stephen Perez
391c8d38-6ec2-40da-aa86-e04ad981f7d7,Jennifer White
0c74f14d-0540-4106-9b7b-c692c7096b8e,Charles Freeman
ddab118d-3e90-427c-b6fb-344a81bac3f3,Taylor Wright
3fc444c7-f54c-44a8-b4cc-8512b1df9742,Geoffrey Fischer
cb75d951-4c09-45fb-ad28-a3c3c93b64d9,Catherine Solomon
1b4d884f-610e-4a17-8681-2ec91b0b17a4,Kimberly Burke
1910abb3-f093-460d-86ff-5721eedd8764,Andrew Jones
ac1d4b86-dcff-43ae-ac94-bf768f82fb55,Dustin Smith
52f32b6d-5eda-4b1e-865d-cdf366b8642b,Stacy Jones
c3e6e8a5-5fc7-4687-be2a-d2d2ca5f2a64,Amanda Taylor
5ad0921b-3f0d-41a0-8aa7-d5ad978c6f9b,Holly Fowler
c051bdc0-83bf-417f-b7c2-f290c9021e03,John Estrada
8824535d-d9c8-4d27-afe1-ba5fa860fa92,Marie Henson
91b44517-7793-4561-b969-3fcc8d6c837d,Kyle Graham
9372af6d-177d-4355-a81a-d26e655aa74d,Jessica Clark
8bb3642b-c0c6-4863-8e78-39fd68842992,Joshua Yu
198cd40b-5697-4efa-8d65-5c89b87d19a6,Kendra Maldonado
b54d151f-b582-4ce7-8575-6a089b755fe2,Sandra Hall
4e6a79e9-e40d-42e6-8222-42e0e23a5490,Emily Pierce
f7cf1cb9-dd42-4842-950e-d5206357f84e,Denise Davidson
fd2e7053-b3cf-4aa6-86b9-61e8342b8aee,Michael Schultz
103da2ef-64c1-40de-a26a-c0bc9f4d01d4,Jason Ballard
e22b7c5e-6f2c-431a-97d6-35e468fa6861,Karen Jackson
cee875fd-18fd-4f6c-a29f-9acdd5a3d0bf,Diane Sandoval
bb21f386-f88e-47ea-a2a4-4fb18cdf3a48,Anthony Franco
2cb8913d-444d-42ca-b9f2-e42da3deecb8,Victor Charles
cf242231-5d1f-486e-bacb-c98a8c4ed3ff,Kevin Gray
d08ad75c-1b13-40e9-bac5-a247e1d40298,Savannah Kennedy
f0e51a72-b4fe-475d-afb0-4e5bb892099d,Chad Garrett
e4fc10e4-61e2-48b8-a0d3-d95a23bc4b71,Kelly Frost
c7abc801-607b-4d1f-9bf0-23d19e3dd453,Thomas Jones
0a2504bc-0f61-4ca7-bb9a-f424cb5cd232,Kathryn Burnett
d06473cd-fe0f-4363-a2a9-0c0d618f5129,Jason Hess
a6feb047-eb52-4c43-a24a-bc1d17a0ce57,Dale Elliott
f0a0cb64-7565-4fec-aa3c-4a826d6edc41,Cameron Young
aa515943-cf64-4819-9aef-64d48d05e46f,Jill Johnson
f7d721c5-4a90-4d75-9914-5ea936064e57,Marcus Adams
3cb27c73-5625-4d74-87c9-3f82d3e56751,Laura Deleon
7aa6185d-ac3f-4ecc-af6d-624e78a111d6,Curtis Hurley
ee330c98-8f84-4ab2-83ca-67a638f7dceb,Nicole Larson
508a191c-9b31-4d9f-aeac-7ee236f065bd,Charles Smith
f537b9c8-f855-4387-8498-bd935d961b9c,Jennifer Rich
bd8df949-e24c-4cec-a9f6-45fc44a94ac5,Robert Hogan
84022ab1-e9ea-4c12-a54f-699b4ea18351,Jessica Miller DVM
a7785ea4-d5ba-41e0-a830-44d5be7d5824,Lisa Meyer
1edcd40d-b467-4bbb-8e91-ee191ae6a6e9,Christopher Durham
dbe1f18f-3ddd-4c56-be01-4b0b2103a344,Mary Payne
b525ba76-3591-42bc-a229-880eb1c43f78,Kim Flores DDS
99996160-a3e6-4411-8ca9-bf156d85ab57,Rebecca Stevens
2db01f7f-9692-48f7-9146-ca8471e5153d,Chelsea Thompson
9d179218-68f0-43e8-bdc4-02c1d36c4d35,James Murray
d5359c60-5c25-416d-82d4-fd28f70bc7f5,Katie Huerta
299430dc-4283-43d2-8694-5b6372dcab6c,Christine Ingram
4805050e-6fcd-4182-bf42-b4e5fcbf7ed8,James Wood
15c1d815-f701-4d60-95e7-5a8e541ddaa3,Stacie Mann
eae45a62-c201-406a-8af5-2bda5590c7e8,Lisa Yang
af0452e0-4c76-416c-ac83-4216246138a9,Robert Chen
e26fd0fc-b73f-4f86-bd4d-af029d116e12,William Cunningham DDS
530f726b-3a34-4778-8494-efdc51ab91eb,Antonio Skinner
f0e21644-22d6-4219-bae2-af2c3f3182d3,Ruben Young
13b93b46-f0d8-4bd9-89e0-c3b219e6c8af,Mason Patton
0d3564df-6494-4646-878d-cd8cbb0bf12d,Sharon Hodges
b7f745d4-e28d-4533-a813-aa5b589db952,Austin Phillips
683bf194-e604-44fa-b889-6f5d788810ca,Jennifer Smith
0a0abfd4-8d97-46d6-bd45-f3895cc42218,Marcus Franklin
c2d54e59-b3aa-4203-b3c6-0e9f40d49722,Jordan Walsh
2ecc0722-c0d7-4dc2-bb82-ce820168c6a3,Samantha Jordan
463da288-2218-4ead-b2f9-19dbd1d7ac4c,Dawn Shelton
8e7df28a-2112-4517-b45d-a44a426c1a31,Alexis Gregory
7e9ef105-4a1d-4dec-9f8c-e13ee5750e0d,Michael Roberts
d53a090d-46b2-4e29-9fbe-eccf6d0b6c79,Cassandra Elliott
bf1c4471-2b9d-4f30-aa08-52fdb4c9b87c,Cody Hampton
27f4d804-2e48-48c1-84b1-19a677879234,Jose Ward
06a54a85-1646-4399-83e5-7ea410e4486b,Nicholas Le
9a4a0e2e-cf87-4b73-98c2-cb3284f8dfdc,Meghan Bennett
d3396b2f-a401-4313-a1d4-657f06f63c7d,Aaron Diaz
4b4c9f88-7726-46c1-8104-14e2cd7c2db0,Teresa Benson
c86a2186-df9d-4257-822b-bd25fde013c3,Karen Bell
74957a16-2742-41ac-ad59-f5b86ae27fed,Blake Allen
ec48db38-7bb8-4b16-8631-320aa26d0d60,Dustin Jones
d59239e9-9b02-4182-913b-7606d117d219,Alicia Robinson
e3249822-b452-47d2-a9c4-4fffc24aa116,Justin Blackwell
1716e577-bd39-4f4d-8b1e-70a23f4168a4,Sherry Pena
22167ffc-1814-4c18-a900-856816758531,Jacob Brown
512cb78c-be40-435f-a418-916f76c5e56b,Charles Anderson
49377cff-3298-48aa-8a7e-9d735b4459bb,Kelly Stephens
34de8bb2-dda1-4f41-a401-dd59d1fff4ce,Mariah Patterson
829dbe01-11ce-4f7b-a933-419fbdaf8516,Heidi Ramsey
c3c062c7-1ea2-4dce-8327-566667c8b65e,Lisa Chase
1b2e421f-9450-4ea8-9e46-77821af262ec,Alyssa Cooper
d5f5656d-bdc5-40e1-8eb7-24f1c3d46932,Andrew Palmer
dca6fb4a-9b7e-45e3-9120-7e6f6efea904,Jacob Foster
65fbaf48-b740-4a67-ae40-3c0fa8092320,Adrian Tanner
2623a7b5-255e-4db6-9edb-2bddb9374cc8,Dawn Neal
ce782db1-3e62-4477-b495-9bb04320ea6b,Kellie Calderon
c306d225-9ecb-4c38-a54d-da96414c2a36,Ashley Tucker
ad7ccd38-548a-4a94-a990-b0ae70322a31,Laura Marshall
e52564a2-6793-41b8-a162-1b4d650d358f,Michael Lawson
a66ca12d-0f2a-4b07-9aac-5b139b6753a1,Carl Middleton
dfb87249-b3c7-4665-9770-dcabedf72276,Alyssa Tucker
b4f5fce5-7c54-4d0f-8f46-d8edad1a6158,Brandon Sandoval
970b214f-213b-4ece-aa06-5e79b7ac6057,Susan Nguyen
ade2afb2-b0df-4216-802a-a34a580ba0ff,Mr. Philip Mccarty
1db206f2-bda6-45f1-a5a8-02a4359f7a2e,Jackie Collins
a13075da-a738-4c6a-b437-83a0d29fdbcb,Christopher Young
b37352a6-695c-4d47-80de-4217363e9f45,Anna West
007f3dad-8aae-4fa0-bedc-3c8d278b4398,Nancy Figueroa
7d06d615-3872-495a-b4e0-f6bb5d353946,Jennifer Jackson PhD
9e9b268f-14f0-472d-9322-a20399d23754,Sheila Kennedy
04f78a53-e152-45a2-a804-7eec7e247ee0,Donald Mcconnell
9509e438-50a2-465f-b564-8f413ba9ccbb,Julie Hernandez
9de2386f-5501-4f3a-8c17-e54bc30d3b82,Mariah Johnson
7af80be6-42ea-4cfb-8b3c-474ff528fec6,Brenda Andersen
f62181b7-07ca-40ab-864d-e0d5debcb454,Ryan Booker
ac7940bd-cf3d-492b-af76-a18f47df5f12,Alicia Beck
9e8abf33-459b-4052-9d64-c76aead7eaee,Maria Clark
7158d2fc-eb5a-47f7-b22e-08d2b743c4b0,Karina Duarte
9723408e-64ae-43b3-9e61-b350e7d8187c,Alexandria Noble
9943d8cf-5f88-4a4b-a5d6-95b2a60dab93,Joshua Rivera
2f816a63-d843-47b8-9ece-b0006ce580ca,Wyatt Hickman
032601aa-665d-422c-b3f1-3d77e7d4e5f5,Andrea Kim
bf1c564a-282f-4852-bec3-f8f812d4f9d7,Robert Williams
2e9fd18c-f90d-4be3-a6f4-8fca06871257,Jeffrey Jones
964a1245-cd94-4983-958e-ccf747bf55f4,Kristina Armstrong
751673a0-7880-4d5f-86a0-eadcaba887d1,Andrew Wade
1c0e7038-7ef9-42c4-9174-64e14e30ca03,Stephen Hernandez
0e2cc50c-23d8-4e36-81d4-e68833a22a7a,Heather Jones
4742cf0d-d6ad-4ad5-8ddb-846a2034d7f7,Jessica Combs
8b8f0dc8-4644-4374-887c-d0e5dd79010a,Joan Mckay
eb5a2467-163b-4f07-ac1d-2406a9aeec1a,Erica Vincent
a75707ed-e48f-4c16-b0a0-41ea6013d656,Arthur Mccoy
edff7db0-3091-4f68-b735-2609b23a4868,Gregory Taylor
f4bf45fe-ef58-4362-964e-69ca4182c089,Kiara Guerra
900b043f-2925-4fb1-aed7-124ff9b901fd,Alexandria White
f6fa041e-1a19-4712-be2a-c30b743e06f1,Dawn Mason
bcfbfdf8-6e60-4a75-b11d-eabc5b72d762,Thomas Wheeler
c5305639-accd-464b-a988-b4f14c65927d,Peggy Rose
ce6bb310-b122-45ea-bde5-b0ef32e6a161,Anna Holland MD
c70bf09e-4f6b-4ade-aafe-c2e845f86df2,Chelsea Lamb
f4b05703-4a42-4785-bb2b-3812187c699e,Ivan Wright
598a0f07-bb25-4f09-8d41-f18bf6adabc4,William Mosley
52c5dc7b-9a19-45dd-91bc-18ca8ee80f98,Sonya Bennett
c2982d78-9fb3-4048-b958-3bf9ec40b3ac,Vickie Rivera
d98e031d-97c1-418e-9f05-9147288f679f,Michael Clark
466b7385-3c3a-4b86-bfc4-eded063fa110,Trevor Davis
d984080e-2537-4f09-bfdf-110afd746301,James Baker
37880b40-bcd4-4b4b-9f56-c95c46683f47,Laura Vasquez
27d11347-9499-47c2-86a8-1a4696a4f528,Natalie Brown
9be6b371-5f70-4214-bbca-e55ef5283eee,Alicia Gonzalez
ddfad4e3-8461-4211-a495-92821c88384a,Maria Ruiz
a5f6664a-7e2d-4ebb-8b99-b0e263d347fc,Amy Nichols
8c2b01bc-417f-49e7-9a54-3120ea044716,Brandi Russell
5cb32083-6788-448e-bf2a-4b8784b32f2f,Caitlin Leblanc
dbe391d9-e853-435d-ac4e-80ed5da05e12,Sean Graham
8f23bd30-1169-40fe-80a5-ffb968fb0c48,Monica Adams
e5ec19b6-23dd-4cfc-8130-35a307daf4b8,Ryan Luna
beee3117-839f-4145-9dc7-56471828e6d4,Christian May
216880e3-8c8c-4a28-abde-cfb7220a6ff5,Eric Miller
a3d3b0d5-f3c7-4a02-bea5-5ad8bb1d71b6,Alicia Green
78497e55-118c-485c-b52f-3395e6d9795e,Crystal Scott
27bace36-584c-4d21-917a-c85ed7fcce3e,Nicole Anderson
dd5a0746-0005-4ee0-8b3f-256372dcf0f3,Jamie Williams
b682a542-7478-46c2-b248-337f850b1fd5,Yvonne Porter
fccdf19b-f7a9-4f70-8223-1f3146126f91,Tony Jenkins
216e9000-ffce-439b-bfe3-b30fbf69b9db,Brittany Jensen
f5519be7-36c3-4fd6-82ad-7e9c28a861ae,Patrick Snyder
ecf5769e-2241-4347-8ae8-c725b8a0c661,Devon Gonzalez
3659a12c-87e8-45ce-9e85-186a168dfa67,Amanda Gay
963d9e96-4f55-47f8-9979-f185501a9eaf,Becky White
f1796966-cb8e-4d02-b80c-01cc7adc61d7,Alexandria Juarez
33abfc5a-5196-4d8a-a925-f6a5a93c95d4,Colin Thompson
7e94a4a7-53dc-416e-a9b1-355c08fdf1f8,Cheryl Bailey
3d9e12e8-5567-4800-9001-1d72a5da3af8,Brett Ryan
16528b9e-818a-41ab-9b3e-b6586f7ec6c2,Alexander Campbell
a8a6661b-dd26-4d3c-a92c-0bfd358b3f1f,Maria Scott
c7b482d1-8a44-469a-975d-d96a8c9f1271,Susan Sanders
c5aa9e10-63e4-48ce-a642-c346ac105454,Nathan Price
59bad862-f58d-45fb-a593-725ab3096610,Susan Barton
abd17476-4ec7-42e7-a956-e6aaf06a5486,Laura Smith
f0bb2512-efe7-45fc-a202-cb9ac45354e7,James Nelson
d72ef118-3409-467b-b55a-562945e65a7a,Elizabeth Lloyd
ee628f8f-636c-4ae6-accb-bc4cc3098d30,Cody Ramirez
b4d7fd0b-0246-4e67-8eaa-474d9153f540,Gilbert Henry
c22020ef-e4c3-4053-8ae7-cdca35d067f8,Scott House
ef9d3f56-f7de-4857-ba33-3bc5f2f35243,Angelica Kelly
cb04b058-05d9-4034-bb17-741e219067f3,Marissa Brown
ea7ff37c-b68e-47ca-bbc6-8d9f8a4cedf0,Abigail Villa
50d9b663-d5a7-4374-8fa3-6a49f3848080,Anthony Wright
4ca03825-01a6-4efc-866d-e3fbffdcdbac,Tracey Clark
b8d52122-e8af-49e2-8e39-05c290e871d3,Shannon Moon
1e6c38f0-6f96-4841-b527-9b700657ef6b,Heather Velez
ace4e568-d9f9-4cdf-9e36-ceb6c3d4eba2,Katherine Haynes
1d40272c-6835-4c68-96bd-b3af81b296a5,Melissa Estrada
4fe57052-669a-4fe7-a199-43a74bb37e78,Jessica Smith
6b95b511-8fc6-47d2-8f0e-c11f0d2171f0,Andrew Harmon
cd53ac9f-86dd-4743-8529-d6ab53e34953,Eric Brown
4d8e694a-6138-4b58-ab0f-716b790c9536,Judy Roberts
7d9222bf-5b73-4285-9824-5d48b18c4529,Lori Sosa
0aa4d7e3-5b20-4f38-8cd0-6531b003cb36,Holly Clay
ce76398f-1bdc-4be9-a331-69a252539158,Matthew White
4f4089ad-68c6-436f-b10a-2341890b2d62,Russell Martin
971a6d2f-cc98-415e-9701-e082704a3570,Melissa Holmes
136d4841-9160-4061-b904-601f345ef29d,Robin Kim
71196360-9e10-4261-be4b-64d0255b7e20,Kelly Baldwin
a1e87535-09b9-427f-bf7b-0084f70277bd,Diane Gutierrez
99a162c7-6de6-4bf7-acd6-894390004e4a,Danielle Nguyen
09eac43c-c09e-4025-bb88-8d861ce365ad,Makayla Oconnor
4fe6531a-6012-4156-b05b-66a8e705da9d,Christopher Jones
0ce2051a-ae71-4865-bf0a-6d4b4f4da872,Christopher Holt
48169c74-4086-4f1c-811b-2a39af04039a,Laura Arnold
0ef6328a-42ee-4b25-840d-6d01aac4fc77,Meghan Klein
aae92d5b-fbae-49d3-b8f3-8c939de6046d,Daniel Spencer
b6a54727-36c9-4504-b94b-c296a5d0e5ce,Leslie Harrison
7a2605a3-1130-4cbe-830d-ce113b1dd32e,Tiffany Sharp
e9b4c6d0-70bf-4da2-8a2b-084e9682f412,Maria Nunez
4b74fb76-b103-44d9-b5ac-4a213878411f,Connor Savage
75416031-934e-440a-a9a9-06cb5e6f8da1,Thomas Johnson
a9c8bef7-b6b9-4c5f-9b4b-b056770208aa,Christine Phillips
7736af2c-871a-4f9f-a1fc-6364fa97b2d7,Rachel Harris
3b2efdf7-9aa3-4f82-a3ad-4ebefc2760a8,Steven Spencer
7286cc68-0ee5-4454-91fb-acbbfbc47338,Casey Lee
02a7ce20-f8ca-460d-b3b9-42d07f126ec2,Lauren Wilcox
a722e302-be6e-4631-a005-04b7fa035ed8,Emma Schroeder
ed3f03fb-78c0-4a47-94cf-c407cebb7231,Jasmine Allen
c92fe3c1-13e3-440f-aa21-124f72e09c64,Ronald Noble
469b19fc-e2a8-4e3c-97b2-bfaea7e07327,Denise Flores
765a06c5-2be0-4c33-8265-9893b919801d,Michael Rose
4e548bb9-4dd3-4122-bd84-639298044571,Amy Medina
10465c5b-84c3-4e50-82cc-f41039e527a9,Derrick Santana
47d6fc9a-536f-4740-a939-27d138a45431,Ashley Moore
7161c1c0-ce12-4946-9f36-2131d01ab170,Lori Gates
f1fc651a-00b7-4f38-8b66-845499f482dc,Katherine Booth
f4b0275d-e138-4c24-9c4d-ce177121fd1a,Debra Jordan
05c98c13-bb2c-4e2b-861a-da394bc9e3cf,Karen David
1afd0865-8fa4-47fb-86a7-0e9268412b2a,Tyler Perez MD
d7b22328-f023-4b27-a84a-b81d8f68a694,Stephanie Ray
880ebe4d-d091-4bfb-b143-24aa0b6fe22d,Keith Cook
c5c7ea4b-bf63-4fcf-85b0-b7edb6253a7f,Shannon Dudley
cb23b3b4-aae5-4c54-8180-632806fada03,Paul Wilson
d04b30bb-c689-4e47-a45e-b47334742a8d,Mr. John Watson DDS
4c87a2d5-7b13-4712-a517-c2bc07dd9419,Melissa Murphy
09d3a8c1-0e0f-47e3-9fad-8da60bc6c850,Leslie Townsend
ca79b4bf-25cb-461a-a411-1134193bc0be,Mark Potter
e5180a32-a765-4536-8729-be017224a7d5,Angela Nguyen
cc560831-c4cd-498c-8f3e-aa251b10f520,Kathleen Thompson
86385f38-2c79-4061-b4b4-0b2a1ef28a56,Christopher Allen
949c0f2c-a33c-4af2-a0f5-9dabd9a8143c,Robert Atkinson
eb3bb417-9164-45e8-a8bc-be95522808ee,Antonio Davis
bf8081c1-6db1-47ff-adde-037833fccb9e,Ashley Jones
ef5eb36f-e9cf-416e-b3fb-5e91e9d37d82,Brian Hayes
881181e8-9ab1-4d0e-af51-7604d3bb26cc,Jeffrey Bradley
84d57b34-3d95-448e-ac8f-4038309f3e8a,Kristi Kirk
ec39df32-5749-4801-8cd5-9720d875803b,Michele Cohen
5f9cb107-6615-4cf7-b66c-498e2445c89b,Cindy Thompson
236e7802-1fa3-47bb-b3e2-31e8f22475a4,Joshua Brown
5493a1d3-4403-4d55-9ad4-566b0065dcfa,Dr. Edward Moore
693f2e0f-2276-452c-8877-e70e2c97ebee,Whitney Bishop
47155ee7-1da3-44b8-b234-6c7f167f1e55,Steve Adams
54c2e943-2be8-44ce-a56e-b8682a4204cd,Lauren Burke
65ebdb5f-2ff4-4dfb-8bf5-547d9e817169,Christopher Smith
372e0b64-7949-487e-a982-84ddee948b11,Noah Miller
c90c26be-3496-4b71-aab7-9f59c09632c9,Allen Daniels
b098486b-35e8-4d06-9f54-a6a01e27d7e9,Rodney Harris
770a25e3-6887-4862-a5ee-198236b33941,Jacqueline Harrison
cf4d004b-9ed8-48a9-b685-93800a1c10a9,Victoria Wilson
92aff11a-d9b0-4240-964e-d4a21419af77,Charles Wade
92ec62a6-2005-451f-bda4-94964f9a9ce4,Michelle Mathews MD
d1b6d689-ad44-4536-bdf8-f82a843afa4a,Jennifer Evans
9127749c-382a-462e-85c5-8509ca836171,Steven Lewis
5bd1df7d-f017-4ab4-80bc-1c00dccfe0b8,Zachary Chapman
6e301c61-5c21-422b-95dd-484575667da2,Emily Miller
71dda3fa-1a6e-44df-98c6-ed219b628a30,Anthony Jones
263b39ee-383b-4cc3-9f22-d4c4822c003f,Tamara Walters
c32f7b76-1009-4cf6-aa57-19bac658e08b,Tiffany Acosta
34219a79-5941-41b6-bade-40da3dfa8bfe,Dr. Gail Giles
a1db7198-0e05-47dc-845e-f561b2907c9f,John Berry
4ede2f5d-0fce-43c9-aeb5-72858683c2a4,Tanya Cruz
1946321e-9bd4-4b5d-a16f-2c03782222f7,Michael Hampton
088465aa-5a42-40c7-8b82-722e01792709,Susan Reeves
012ad105-82c1-476b-ab19-863cfed5cad7,Charles Lane
9797961b-3598-433a-983c-e84356509116,Justin Jordan
b4ead761-b56e-49ad-b707-87388914f110,Latoya Robinson
a8f16cc1-b8fb-42e6-9462-2e700e85d5ad,Wendy Jones
355a597e-ed73-4e9a-ac37-23ca4e4f3e5e,Jennifer Martin
85f62932-4dda-427d-912e-cb8794b82df3,Megan Garcia
23be6bf0-3e99-41c9-a7c3-b11e3b8a26ba,Janet Rodgers
0fd6e4e1-fb5c-4e32-a336-de53f721e523,Michael Graves
67373e9a-8491-4ebf-ae2f-6fb5b343b847,Betty Henderson
6282671f-f1ce-4a3c-aef8-1904fed4d8e9,John Bowen
11f42e44-c86d-408d-a166-71a2e65cd80d,Philip Herrera
817097d7-661d-4012-be53-6e122fdab85a,Jessica Benson
9cf416c5-2169-4e11-b7b8-cb1f76224585,Allison Perkins
e2e40cd0-62ae-4814-88ba-c508e37643c8,Christy Rosario
dd278bff-dcf5-422d-9926-a284491db0e1,Kenneth Smith
206e445b-3049-4fa6-b9cf-b7960b22f0b6,John Yu
98de84b2-1d9c-4002-847e-a590c51d4777,Ricardo Miller
f4475756-cc29-4817-b40f-8aa6bb726ee0,Elaine Huynh
d8ea14b4-f890-4b5b-9a12-7c6201c21756,Erin Shelton
a0d3dc94-842b-45ce-b86d-db72c2dcbfac,Kim Harris
1bb7172c-786e-442e-a36f-61b3d6220eb3,Joshua Hatfield
804f42ec-464b-4f8d-8539-29ae2b826ae0,Norma Smith
ac86052f-6119-45bb-9cd6-54ddd293a087,Rick Lee
e29b1e0d-34ed-4241-b089-9243454433a7,Kayla Burgess
0683f06b-8f7c-4efd-a9a5-50c5f6d41fa6,Samuel Navarro
fd432580-5a1d-4dd5-9fde-a70a858c8386,Sheri Edwards
a0188855-e79d-4bd2-9a76-4ad6548d58f6,Justin Lewis
3dcb0f39-3668-4b8e-b6fb-359bc8170631,Kristine Martin
104b761f-9a59-4c13-bce2-d4f76702482b,David Jackson
297ffb23-63a6-4e33-8361-10b40dd912a3,Heather Jones
1cf3ea90-7e59-4bfe-ba01-6193aca25d55,Robin Coleman
1d9f4c67-6d08-4867-8e7e-f5744b05b5e3,Jessica Wilkinson
5e1d0906-a6e5-45d6-a4ba-275cd2f94804,Ann Garcia
38a82e75-e42f-4d80-8c66-ba3df9ddd4a5,Rodney Hart
da6a22f3-641c-42c4-ac1a-29eba12c6370,Maurice Jacobs
ed26370c-3243-4343-8868-faac1bb7c48b,Mark Dorsey
63ad8dd4-1fae-44c5-8d14-68bdb1a1cbac,Mary Taylor
196d1316-afdc-4b8f-a355-a6c422ab2059,Zachary Simmons
656085f1-7a28-47af-a453-e0280daf0d63,Michael Cordova
8c02a642-6fde-4646-be4e-2b87420f699b,Daniel Reyes
79f8fcff-38e6-48db-ae1a-e04a8e9b6a76,Alexander Gould
de344668-d2c5-47f5-a23d-330948dc457f,Joseph Wong
70c1396b-9df3-4046-8871-6a70480928a6,Kelly Jackson
1e305789-1209-4d87-9a29-a5b65abdea7a,Eric Zavala
c6f752fe-ecc1-49ac-9a80-d75619519cfa,Mary Johnson
daff0b82-4913-460e-bf7e-bd5269ecbae9,Kayla Miller
5b5d4f25-2a0a-411f-b282-6d1bd2cf75d5,Keith White
ba731029-d581-40e5-9342-55493fd465c9,Anthony Rowe
4ceb8529-cc72-4bb2-93b8-824b29570773,Spencer Fowler
66bf8c3d-0cf7-471a-82cb-3890126cceec,Thomas Jones
82bfd3a5-9e46-4182-8f5e-20e86eec3315,Thomas Manning
d10dabfc-0c24-407b-b886-9e68b001c37b,Natalie Rogers
32912d2d-9882-4212-b702-a9cd223ad396,Carolyn Wagner
1a69c73a-6b7b-403c-8653-14a268bc17ab,Teresa Hunter
b6ed6442-de38-4095-9bb5-e75c4ed1f325,Billy Williams
e54e3eed-dea4-4ab7-8fdf-3b0c0a8f17bd,Brian Harding
ef0a0cea-e9cb-4c98-b7e4-7b22be016f0a,Felicia Hogan
f19cf9d1-2dd6-4d49-914a-db026938c77b,David Marquez DDS
8f4a14b2-1a66-4bcc-9ceb-e2a9a6417fd2,Jessica Daniel
f277b2c1-40b3-46a4-b455-6f942728b069,Melissa Andrews
4b66732f-168d-473e-a153-9584077cd684,William Maldonado
4dde9b43-ab88-4b35-a7c4-1279d2e5c1bd,Steven James
95b05155-65db-4330-89b9-32fef93ceb31,Sydney Brooks
f8cf5f05-7c5d-4562-80a1-566af59cd0d9,Rodney Rose
dce1c839-f49a-45eb-8115-6e4dafff67ea,Marissa Garrison
fe01f1ba-1613-46e0-99b9-e8dcf8f089b9,Charles Clark
e809cd9b-bcd8-4309-8ddb-3d39dfb99d93,Daniel Gibson
b87c8487-6160-4f82-a9a2-1b076e945b53,Destiny Rodriguez
6f4eb085-a9a0-47c2-86fa-44d886f897c0,Monica Jones
8365f04f-7ae3-47b9-81f2-d820cc9650e5,Edward James
df737877-4c54-4709-a88e-1551ee442139,Connie Mooney
2d4cbbc9-31ce-4be0-8d32-3395ced0e6fa,Ryan Brown
5323645f-4cf1-4de7-b584-82ba010fa960,Stephanie Nichols
f8b32116-b0ec-44da-b4ec-f54088009ee9,Thomas Brown
0826e6b1-f0f0-4cb5-88d8-5426e4789af9,Robert Bell
2839d948-a2ed-4380-b033-6476233216c5,Megan Rogers
19637487-ba98-431e-a7a9-389719286f47,Ashley Estes
ce102d0c-b346-4721-aabe-a024ebc2d8e8,Cristina Hill
701a187f-1c7c-4a5e-9f72-ce88280f8341,Willie Galvan
566062f1-f852-45e2-9977-05be36beb2aa,William Arroyo
351f8c9b-af17-426a-9ba1-3e66116269d1,Margaret Henderson
2f65b933-4752-40f3-9a90-20b017a45bc7,James Smith
161f928f-27b9-4df7-a71b-1ec270383ea4,Jason Martinez
49f6ba7c-18ee-4f24-b54a-3a3fb6a27c83,James Carrillo
008892de-545f-4cbf-b061-dd2b53dc5456,Richard Hicks
992117f2-d496-41e6-949c-dae58125ffe7,Dawn Sims
4c108a39-f04e-4e88-a8ae-5cdc2c7e0868,Cassandra Hughes
2465ded1-ff19-418e-b451-7b2c02a60e7f,Megan Gutierrez
eef64d37-b3fd-4ef9-94c8-2150e57bbdb3,Brian Thompson
3261de41-544b-4f3f-834c-401b8910dd22,Chelsea Oconnor
63b64ff0-5c48-4235-b4de-222b498ff8f1,Robert Fox
aa15047f-7615-47bc-a934-d3aaac9a9993,Cynthia Cook
7ed9e8a8-0764-4b7d-96d8-c8c8a8d38afc,Casey Miller
7b848333-f9dd-4d8f-93de-ad8e14378dd8,Joshua Moore
95ffc184-667e-4a4d-81b6-86cbecd3ae65,Susan Johnson
d2ec4c31-20c8-4d50-959f-3101dcc8ec70,Matthew Nguyen
81a702b0-8f3f-4d56-81c0-9bc986d2d25e,Regina Mccoy
1780c06a-8bcc-4029-87b4-8e0f0fb3e825,Tony Brown
364430ff-2609-45e7-93fb-d58a91b53a9d,Gina Curtis
c2e2ec17-4eef-49fe-978d-cb73887a6edf,Douglas Velez
d28eae95-b6a6-457e-a6a7-9e5c966a49ee,Mark Flores
540267e7-4bff-4428-93f5-2ed5f19a1e34,Victoria Sullivan
882b52f2-8d6d-4206-814d-3f8cec603e87,Sarah Hutchinson
ceb06529-7f49-4092-ba15-e98607d9acde,Nancy Alexander
6759719d-2bc4-43d8-88e7-fe1151a8f59d,William Zavala
e878d2e6-4606-433b-a958-d7cd6e423aaa,Michael Lewis
8ee2169f-1b27-4167-ab83-45b1849e297e,Judy Smith
0bf90212-5643-42b2-a501-dcca32ca2910,Robert Mcdonald
96bdd485-549e-44ba-8969-eeca608e21f7,Sarah Valentine
40a93254-1cc9-41be-9d22-f6dc874667c5,Frank Diaz
6e7df5b2-b7c1-447c-8d30-089a97f2502a,Erica Mayer
7671077c-71af-4ec3-964f-a042d738814d,Amy Johnson
6962dd1e-2e37-4f94-8b59-b61da0fb2cda,Richard Campos
1b52cf92-a08a-441b-b414-aedd5fa6638e,Roger Parker
2d4dcb58-ee86-4a62-af88-40c2cd70736d,Jamie Patrick
75ebbcdb-83fc-450c-a2e4-82dd1b91fff1,Jeffrey Williams
ba9cc813-8807-4b3f-8989-74293ab23e71,Kevin Salazar
ac7d9501-f743-4751-915a-b54acc2fd97a,Tonya Smith
e6193555-9c32-4264-b070-a0b1e711f495,Vincent Alvarez
e9521248-7f27-4233-8665-adacc21d6b24,David Perry
f7a2ccd8-25b9-40b9-b231-de2c80c7ae7a,Christine Garcia
86db316a-0bfc-4ea0-a342-00f5afabbd8d,Andrea Luna
8c11218c-778b-4475-ad5c-192a59cdc5a3,Krista Smith
557e8871-a4a9-4375-ae01-5f5f0c3f30fe,Julian Stein
b1167d82-2f9a-42c2-9107-a38a7b9b2c31,Eugene Williams
3f23862b-9f50-4b97-811a-dd9eb01d171d,Alexandra Mcdonald
329e49e4-f471-4009-82f4-2dcfba985d09,Benjamin Taylor
da4792bd-265e-4d05-8b35-b8c6852e3aed,Brian Jones
22f5b3f2-dd55-4d0c-83c9-adbed2dbb84a,Daniel Thomas
0f731a34-4f5a-484f-88e7-7284ec3c8e65,Sandy Lara
ac029726-52de-4d27-8a29-42db536696a1,Ashley Barnett
7e13ab83-d29d-480e-80c2-fbdb98a919f1,Michael Lin
65cada0f-ff97-444c-9cdc-ad974ed368c8,John Cardenas
c2d3063e-5b62-4443-af23-92e59a9b482e,Dr. Grace Bailey DVM
63ef7614-2bf8-4ef7-a2f4-46ac1b2f317c,Peter House
ebcd078f-b1db-4161-8b75-db3f012b2170,Peter Brown
91f7e251-acdd-433c-8b3c-15e8966f76a4,Laura Chen
37ddf4ff-6283-49ae-a43a-a562ee29f4d0,Donna Kent
3956d240-c8e5-4537-a22e-ad50694d5b58,Darlene Berry
abf586ec-aaa9-4bc8-b3c9-638810db8143,Jared Carter
4be048bc-8ca2-4e7f-979b-c5598efb0605,Bailey Huang
0144dcbc-04a0-4cfe-9c53-de744c7141db,Robert Benjamin
1d2d9642-1e85-4422-8d99-d56cf42d4569,David Heath
2269bbbe-7083-4808-82b2-f2dcb69ee40a,Gregory Roy
6c2355e1-b3d2-499b-9c40-4dfe00cb47e8,Kenneth Simon
dc30a596-857d-4426-9993-99018df95047,Eric Jones
44c31ff6-e671-4d83-a185-4229017a4f06,Phillip Clarke
13c1693c-bf27-4a29-b4d1-637c74477eab,Melissa Jenkins
d3867649-ba51-4df6-a5e3-47a17554d914,Christine Andrews
7d93751d-c965-4f6b-a954-854a3c195329,Michael Leonard
58e54756-77f1-4b53-a5f0-032662eed5fc,Melanie Brown
bbcd4c8f-2a14-4036-b881-bac81fb04d60,Kayla Rose
e8477113-b3d5-4715-83c6-aa223732a5d9,Matthew Marshall DVM
d0f83cd9-cb55-4cb2-a851-6e2d0f52814d,Wendy Jackson
491f88b7-63e3-4f07-b707-dbdd3106265f,Kimberly Simpson
2ac51b21-6fa6-497e-93d0-30bc0c1cefef,Shannon Simpson
1b468be4-1b16-4cef-b1d7-24da00e80d1d,Diane Thompson
3185f9d0-20c3-4272-aba1-85326155e8ba,Jacob Willis
8689baba-8ef0-412d-98b0-979d3303b680,John Gonzalez
07a3cc01-2ef8-4232-971d-073881170a92,Robert Graham
8fd3df0d-8887-44aa-bc7d-1912ee7392f0,Michele Evans
816c454b-aa98-4dec-9291-1ff2a9697942,Patrick Chavez
9b295810-1818-4718-9d84-8019957f4db5,Lindsay Doyle
7f7b5851-0942-495e-908e-e7d8118a9b59,Sharon White
13e382c9-df39-4a9e-a9d5-0808ac779365,Ernest Blevins
8611ced9-b6ba-4656-a086-b6f3f5a88d81,Justin Farley
fe3a00db-820e-498c-97e3-37f0439f1449,Brian Kemp
13daa78b-e272-4f73-849b-87595aa54064,Dawn Cook
78c0e5ba-993c-4a13-8cac-0524f2e70654,Andrew Warren
82edc795-0ac1-4326-986a-a45587b02a9e,Julie Bates
710d104a-6944-4eaf-a7f9-05acd86d12b9,Angela Robles
4e291d7b-6861-451c-996d-0584f7d1198b,Kevin Garcia
25dbdae5-92e2-41da-b9df-4f8b27528adf,Daniel Santos
155cfe50-d12f-4a0f-a6ad-391d66bfef47,Casey Lara
0b5da4f6-17b0-4db9-8ae0-15555a4bcb6e,Stephen Knapp
3fb5ec68-fb44-4ccc-8921-404e886ce6f5,Stephen Galvan
8d424f5a-a324-4889-a452-e2dc24760795,Wendy Harris
b0965169-815f-42ef-8155-b7532babcf7e,Heather Barnes
f6f80c74-16b9-41d6-9e5c-3510424f3fcb,Joseph Walker
5c54acad-e516-4fa0-b442-1b0e790f5512,Elizabeth Powell
ce5352d4-a8c8-4e39-b9cf-8bfd753c0eb0,Daniel Mahoney
9ed7baec-62e3-4770-9146-45fdce18e8f0,John Romero
ac930bdb-f521-4cea-b431-3fc8c90aa297,Marissa Todd
576826f8-0573-4f39-9f35-17ce6b4527be,Lance Carter
370b35c6-5348-4d39-9bcd-43db2850f27b,John Collins
579c9b07-f067-43b6-aa33-587c9c8b1ff8,Monica Harrison
f0eb7cee-fbc9-4ce2-8e6d-58fef3b633ae,Elizabeth Riggs
74fad127-8056-41ff-a17b-28997cfd6057,Courtney Schwartz
6e73d43c-ce07-4ff0-a80a-32d48f8c176d,Regina Bennett
6593bc03-5358-49b2-8317-79c5c9b76e0a,Jordan Cole
3141593e-0369-4c89-8514-c47e62d02927,Katherine Bradshaw DVM
c6910d44-997c-4d07-b758-d23a9456116a,Ms. Jessica Peterson
9836a2d5-183b-4fc9-b05f-92a4c1bfcdee,Joe Johnson
5094fa6a-96c8-4c7c-9e00-081d7a490264,Elizabeth Ramirez
0710cb27-021f-4678-93fe-73f1c154e749,Jason Smith
c912e644-b662-403c-9b78-a7ceaa53af87,Laura Wright
ed4b2ffe-d7bb-43a4-b8f8-55e4464e1759,Jason Randolph
c06d8479-191e-4c10-b870-24f4eda6076e,Martha Lee
9943d8e8-b3d5-4325-bed3-8c8a69b228a8,Christine Carr
3b636d7b-d546-4315-b445-debaa4284974,Michael Klein
d1a22642-1067-406d-8ee8-5ec5777afb96,Michelle Christian
ff105908-4f90-4ec6-aa6a-ab0ce1e3bba9,Albert Garcia
88e34fbe-6d24-4fa3-a71a-54cfebbd2785,Andrew Moore
9a4e1a41-9c48-454b-b257-efbb67dc9cd8,Emily Gonzalez
4f9aadf5-26c9-459d-87a0-aa297f771a19,Theresa Aguirre
8f46f487-1509-4cc3-a66b-5d92bb2b7643,Vanessa Nelson
c75d27a6-14e3-43f6-974e-0c3762518b14,Tyler Bautista
3def8c35-60c9-42f4-a290-e26b537c9136,Anthony Cook
24ceb983-e01e-4fc3-aaca-105d0ea54841,Carl Wiggins
8d617180-7fde-46eb-b2d8-3e0dcf11fa38,Steven Perez
fcf2b534-0939-44fc-9f74-2a32027e73ef,Joy Kent
0f4d4755-7b10-4ced-b4c7-cea9d1ef76be,Taylor Gillespie
cef74c4b-f249-4221-a961-40def210d790,Brett Thompson
8d1c899a-12f1-4753-8810-cd5131f1dced,Ashley Johnson
f5ed9121-0aea-4c44-8fe0-cb4e09e0f5b9,Susan Edwards
384c7664-fa8e-45f2-ac44-5559064ba609,Ronald Smith
34bbf6af-4c41-463e-8386-f264e26dc04d,Cynthia Garcia
4b9d9da5-25e8-4922-af82-3dc303d5c3ff,Kelly Johnson
9dbe1221-6601-4132-b616-08040daf40f5,Andrea Chandler
e28a3cfc-4fc8-4564-8742-84f043dc1c46,Michael Paul DVM
7fc71c9c-9eb5-4413-8b86-5786eef59d3e,Maria Arias
31f4517e-289c-456d-b76d-9e9994e97685,Jeanette Cox
81c20c80-cc51-49cd-b70b-49e6b1f0eaa8,Jasmine Reese
da1e11f7-cd4a-437d-b899-b2961ee16a33,Bryan Nixon
bee5a275-502f-49a5-aa54-d58ae8feb3e6,Eric Simon
6db291e6-82bb-448b-99e4-4989a81a47b8,Bryan Stewart
f4ed6817-3dec-4de7-aab3-b6f2986f2bbe,Benjamin Wells
112d73a2-de8d-471e-8517-5d8ab8d387b6,Tyler Horne
1feae379-2534-4481-b1d9-de5f4a71c918,Patrick Crawford
d6e62b71-3331-400d-b38c-4c3597add55b,Brooke Pena
a262b74f-dd3d-419f-ac99-e47056d12f4f,Jack Baker
aa050b42-d988-4f3c-bd50-eaa418426d3a,Mrs. Kimberly Johnson DDS
41db6661-35d3-4aef-8338-4ca139d921e6,Mary English
a9cdcf91-9766-4cd1-9f6b-5399597a7386,Sandra Morris
1ff34368-26ba-4985-8e87-c569e13a6844,Brenda Dougherty
3497d7f0-d4bc-42e5-87da-d0f3b77cb793,Jeff Rodriguez
5635ef6b-fb94-4936-bbe6-af449ee305fa,Stephanie Santiago
82dcd858-b874-4719-a5c2-08508f8c9cd9,Michelle Bentley
bc1fe7c5-8a84-4c63-876c-91f2a1c66f8a,Dr. Denise Klein MD
fdab2b07-d6c9-46cb-8e7b-e8fb7bc2ab47,Isaac Peterson
9b51e483-d578-4a56-8368-87df2664f211,Aaron Mcdaniel
8e814866-8600-4ee5-964f-588b36b0d407,William Moody
16ce96fb-1fa1-4cc0-8a36-2f7099dfb7f1,Eric Clark
953b1c80-5ab0-4f8e-946b-24a35f5b4b1c,Erika Guzman
ec795a08-5a36-4b40-96b1-0151c7177395,Joe Abbott
b2b72d00-d9f2-4a02-9357-ce20912decaf,Paige Rose
0cfb05a7-827b-4727-85a6-3d7a340c46b7,Garrett Davidson
305df199-061f-410f-ad9d-7d83721442f7,Samantha Mejia
1eb828bc-43e0-44c6-8dfb-61297d50b45d,Ronald Miller
e567de03-d87b-410e-b3e3-831bc04630bc,Claudia Schultz
18b126b3-5149-4b15-9ce3-17e22c825c9f,Julie Shea
555e5eba-dbfe-4519-aed4-5e5ccc73cf80,Sheila Valdez
79a4c00d-b991-4f6c-8771-bec98f82e369,Calvin Rosales
4330deb1-c91c-419f-b5e2-365fefb81fc7,Caroline Ayala
d24bb5ee-52eb-4777-9a23-7e855a4da310,Susan Oneill
d87514eb-22d5-4bd1-b814-f098476287ff,Corey Payne
23c05aa9-f30a-43f8-afca-7238b5dd056c,Megan Lewis
a9d996b7-902f-49a4-a558-5e25418087d3,Gloria Jones
4ef2d3c5-4315-4f5e-a3e0-28571e3393c2,Jason Bush
382cebf2-9d59-4c04-ab0c-faa1f8b8ddf1,Megan Hines
98a571f5-fcc5-4df1-a7a7-7512aeadcc23,Miguel Gibson
53996f17-6b14-4835-af99-a6f720a82430,Kyle Ball
c3918a5d-ee61-4302-80c0-7f743b966afe,Mrs. Rebecca Johnson
e0985e55-a64a-479a-ac94-124cac131aec,Allen Kline
8cfa30df-565d-482b-9053-52be2a423030,Amy Fisher
30b61e84-2581-4296-b1f7-961dd045fa43,John Morris
8e2b6edf-adf0-4f8c-b900-d8732d5f8e32,Taylor White
ab1215ef-4908-4927-a259-155a2b5d2372,Krystal Lawrence
843197ff-e7f6-4bdf-b0ad-7489b394a173,Peter Hebert
80266b8d-1a7f-4282-a406-3fdf876744e4,Elizabeth Martin
6bc01686-3376-40c3-b09b-d270244a9249,April Davidson
5a7bd7ba-6435-4c8d-9566-b45ae83089c3,Victoria Collins
f76b77e2-60ff-4e8d-b127-bf1c21f1f684,Christine Riley
311a8788-a0b9-4501-8da2-3f494d479653,Dana Tucker
5570ee75-7913-49f3-b5ae-6159a6c9ef44,Tammy Washington
0b18e3cb-d13c-4541-a3ab-e864c3b1a7db,James Mann
cc8d9145-dbf1-4b3a-9f56-eff7f393f107,Dominic Cain
e90c594a-a14b-45e8-b8f5-0915022610b1,Richard Figueroa
bc9e374a-02b1-4d25-a833-e6a372dde66f,John Smith
7605c6be-1437-447c-ab03-6d1feac55623,Dana Beltran
e57c4ed3-beb8-4c95-8a10-243faf83a621,Kimberly Graham
